name,datetime,temp,feelslike,dew,humidity,precip,precipprob,preciptype,snow,snowdepth,windgust,windspeed,winddir,sealevelpressure,cloudcover,visibility,solarradiation,solarenergy,uvindex,severerisk,conditions,icon,stations
Bishkek,2021-01-12T02:00:00,2,-3.3,-8,47.53,0,0,,0,1.98,,25.2,120,,12.5,10,0,,0,,Clear,clear-night,"UCFM,38353199999"
Bishkek,2021-01-12T11:00:00,3,-1.6,-7,47.83,0,0,,0,0,,21.6,120,,79.7,10,415,1.5,4,,Partially cloudy,partly-cloudy-day,"UCFM,38353199999"
Bishkek,2021-01-17T07:00:00,-3,-9.3,-9,63.29,0,0,,0,3.28,,21.6,220,,0,10,0,,0,,Clear,clear-night,"UCFM,38353199999"
Bishkek,2021-01-19T11:00:00,4,-0.4,-3,60.31,0,0,,0,2.27,,21.6,110,,0,8,305.6,1.1,3,,Clear,clear-day,"UCFM,38353199999"
Bishkek,2021-01-19T13:00:00,8,4.4,-3,45.75,0,0,,0,2.23,,25.2,110,,27.5,10,323.9,1.2,3,,Partially cloudy,partly-cloudy-day,"UCFM,38353199999"
Bishkek,2021-01-19T14:00:00,8,4.7,-3,45.75,0,0,,0,2.21,,21.6,120,,27.5,10,264.1,1,3,,Partially cloudy,partly-cloudy-day,"UCFM,38353199999"
Bishkek,2021-01-20T13:00:00,4,-0.4,2,86.8,0,0,,0.02,1.96,,21.6,130,,50,9,426.4,1.5,4,,Partially cloudy,snow,"UCFM,38353199999"
Bishkek,2021-01-20T14:00:00,4,-0.8,2,86.8,0,0,,0.02,1.98,,25.2,120,,0,8,388.3,1.4,4,,Clear,snow,"UCFM,38353199999"
Bishkek,2021-01-20T16:00:00,5,0.9,2,80.94,0,0,,0,2.02,,21.6,120,,99.3,10,134.4,0.5,1,,Overcast,cloudy,"UCFM,38353199999"
Bishkek,2021-01-20T17:00:00,6,1.8,2,75.52,0,0,,0,2.04,,25.2,130,,98.1,10,22.4,0.1,0,,Overcast,cloudy,"UCFM,38353199999"
Bishkek,2021-01-20T21:00:00,4,-0.4,-1,69.78,0,0,,0.02,2.12,,21.6,110,1023.8,11,9,0,,0,,Clear,snow,"UCFM,36911099999,38353199999"
Bishkek,2021-01-20T22:00:00,3,-1.6,-1,75,0,0,,0.02,2.14,,21.6,90,,0,8,0,,0,,Clear,snow,"UCFM,38353199999"
Bishkek,2021-01-20T23:00:00,2,-2.9,-1,80.52,0,0,,0.02,2.16,,21.6,90,,0,9,0,,0,,Clear,snow,"UCFM,38353199999"
Bishkek,2021-01-22T01:00:00,4,-0.4,-2,64.95,0,0,,0,2,,21.6,110,,98.8,10,0,,0,,Overcast,cloudy,"UCFM,38353199999"
Bishkek,2021-01-22T04:00:00,0,-5.9,-3,80.23,0,0,,0,1.94,,25.2,240,,89,7,0,,0,,Partially cloudy,partly-cloudy-night,"UCFM,38353199999"
Bishkek,2021-01-22T05:00:00,-1,-7.6,-2,92.92,0.1,100,"rain,snow",0,1.92,,28.8,250,,89,2,0,,0,,"Snow, Rain, Partially cloudy",snow,"UCFM,38353199999"
Bishkek,2021-01-22T07:00:00,-2,-9.7,-3,92.86,0.2,100,snow,0,1.88,,36,270,,100,5,0,,0,,"Snow, Overcast",snow,"UCFM,38353199999"
Bishkek,2021-01-22T08:00:00,-2,-8.9,-2,100,0.2,100,snow,0,1.86,,28.8,270,,100,6,12.1,0,0,,"Snow, Overcast",snow,"UCFM,38353199999"
Bishkek,2021-01-22T09:00:00,-1.3,-6.9,-2.2,93.7,0,0,,0,0,,20.1,260,1018.5,100,5.7,85.1,0.3,1,,Overcast,cloudy,"UCFM,36911099999,38353199999,38229099999"
Bishkek,2021-01-22T10:00:00,-3,-11.7,-4,92.81,0.3,100,snow,0,0,,43.2,260,,100,1,164.9,0.6,2,,"Snow, Overcast",snow,"UCFM,38353199999"
Bishkek,2021-01-22T11:00:00,-4,-11.5,-5,92.75,0.3,100,snow,0,0,,28.8,240,,100,1,281,1,3,,"Snow, Overcast",snow,"UCFM,38353199999"
Bishkek,2021-01-22T12:00:00,-4.6,-12.4,-5.5,93.2,0,0,,0,0,50.6,30.4,258,1029.2,100,2.1,324.1,1.2,3,,Overcast,cloudy,"38353099999,UCFM,36911099999,38353199999,38229099999"
Bishkek,2021-01-22T13:00:00,-4,-11.5,-6,85.97,0.4,100,snow,0,0,,28.8,240,,100,1,284.5,1,3,,"Snow, Overcast",snow,"UCFM,38353199999"
Bishkek,2021-01-22T14:00:00,-4,-11.5,-6,85.97,0.4,100,snow,0,0,,28.8,250,,100,1,241.8,0.9,2,,"Snow, Overcast",snow,"UCFM,38353199999"
Bishkek,2021-01-22T15:00:00,-5.1,-12.4,-6.1,93.2,0,0,,0,0,,24.3,258,1034,100,2.1,161.8,0.6,2,,Overcast,cloudy,"38353099999,UCFM,36911099999,38353199999,38229099999"
Bishkek,2021-01-22T16:00:00,-6,-14.1,-8,85.75,0.4,100,snow,0,0,,28.8,270,,100,1,81,0.3,1,,"Snow, Overcast",snow,"UCFM,38353199999"
Bishkek,2021-02-01T08:00:00,1,-4.2,-4,69.27,0,0,,0,5.13,,21.6,240,,97,10,21.2,0.1,0,,Overcast,cloudy,"UCFM,38353199999"
Bishkek,2021-02-02T05:00:00,4,-0.8,1,80.8,0,0,,0,0,,25.2,130,,89,7,0,,0,,Partially cloudy,partly-cloudy-night,"UCFM,38353199999"
Bishkek,2021-02-02T07:00:00,4,-0.4,1,80.8,0,0,,0,0,,21.6,140,,89,6,0,,0,,Partially cloudy,partly-cloudy-night,"UCFM,38353199999"
Bishkek,2021-02-06T11:00:00,8,4.7,-5,39.38,0,0,,0,0,,21.6,130,,22.1,10,494.3,1.8,5,,Partially cloudy,partly-cloudy-day,"UCFM,38353199999"
Bishkek,2021-02-06T13:00:00,12,12,0,43.64,0,0,,0,0,,21.6,120,,97.6,10,572.8,2.1,6,,Overcast,cloudy,"UCFM,38353199999"
Bishkek,2021-02-07T04:00:00,7,3.4,-1,56.77,0,0,,0,0,,21.6,260,,98.3,10,0,,0,,Overcast,cloudy,"UCFM,38353199999"
Bishkek,2021-02-07T05:00:00,6,2.2,1,70.3,0,0,,0,0,,21.6,270,,89,10,0,,0,,Partially cloudy,partly-cloudy-night,"UCFM,38353199999"
Bishkek,2021-02-09T01:00:00,2,-2.9,2,100,0,0,,0,0,,21.6,290,,100,2,0,,0,,Overcast,cloudy,"UCFM,38353199999"
Bishkek,2021-02-09T14:00:00,-1,-6.7,-3,86.29,0,0,,0,0,,21.6,310,,100,10,345.8,1.2,3,,Overcast,cloudy,"UCFM,38353199999"
Bishkek,2021-02-09T17:00:00,-2,-8.1,-4,86.18,0,0,,0,0,,21.6,320,,100,10,60.8,0.2,1,,Overcast,cloudy,UCFM
Bishkek,2021-02-11T21:00:00,7,3.4,5,87.09,0,0,,0,0,,21.6,120,,50,4,0,,0,,Partially cloudy,partly-cloudy-night,UCFM
Bishkek,2021-02-11T22:00:00,7,3.4,5,87.09,0,0,,0,0,,21.6,120,,50,5,0,,0,,Partially cloudy,partly-cloudy-night,UCFM
Bishkek,2021-02-11T23:00:00,7,3.4,4,81.21,0,0,,0,0,,21.6,110,,50,7,0,,0,,Partially cloudy,partly-cloudy-night,UCFM
Bishkek,2021-02-16T08:00:00,6,2.2,-7,38.78,0,0,,0,0,,21.6,120,,96.4,10,81,0.3,1,,Overcast,cloudy,"UCFM,38353199999"
Bishkek,2021-02-16T10:00:00,8,4.7,-5,39.38,0,0,,0,0,,21.6,120,,27.5,10,386,1.4,4,,Partially cloudy,partly-cloudy-day,"UCFM,38353199999"
Bishkek,2021-02-16T13:00:00,16,16,-7,19.96,0,0,,0,0,,21.6,110,,98.9,10,494.8,1.8,5,,Overcast,cloudy,"UCFM,38353199999"
Bishkek,2021-02-18T01:00:00,5,0.9,-2,60.56,0,0,,0,0,,21.6,110,,0,10,0,,0,,Clear,clear-night,"UCFM,38353199999"
Bishkek,2021-02-18T02:00:00,9,5.4,-3,42.76,0,0,,0,0,,28.8,110,,0,10,0,,0,,Clear,clear-night,"UCFM,38353199999"
Bishkek,2021-02-18T10:00:00,13,13,-4,30.43,0,0,,0,0,,28.8,110,,44.5,10,486.4,1.8,5,,Partially cloudy,partly-cloudy-day,"UCFM,38353199999"
Bishkek,2021-02-18T11:00:00,18,18,-6,18.99,0,0,,0,0,43.2,25.2,120,,88.9,10,594.5,2.1,6,,Partially cloudy,partly-cloudy-day,"UCFM,38353199999"
Bishkek,2021-02-18T12:00:00,18.6,18.6,-3.3,22.49,0,0,,0,0,47.1,25.1,95,1012.1,78.7,19.2,617.3,2.2,6,,Partially cloudy,partly-cloudy-day,"38353099999,UCFM,36911099999,38353199999,38229099999"
Bishkek,2021-02-18T13:00:00,22,22,-8,12.71,0,0,,0,0,,21.6,120,,92.5,10,585,2.1,6,,Overcast,cloudy,"UCFM,38353199999"
Bishkek,2021-02-19T01:00:00,11,11,-4,34.71,0,0,,0,0,,25.2,120,,94.4,10,0,,0,,Overcast,cloudy,"UCFM,38353199999"
Bishkek,2021-02-19T02:00:00,12,12,-5,30.13,0,0,,0,0,,25.2,100,,94.8,10,0,,0,,Overcast,cloudy,"UCFM,38353199999"
Bishkek,2021-02-20T00:00:00,4,-0.4,3,93.19,1,100,rain,0,0,,21.6,300,,100,5,0,,0,,"Rain, Overcast",rain,UCFM
Bishkek,2021-02-20T01:00:00,3,-1.7,2,93.14,0.6,100,rain,0,0,,21.6,300,,100,8,0,,0,,"Rain, Overcast",rain,UCFM
Bishkek,2021-02-23T17:00:00,8,4.7,-1,53.02,0,0,,0,0,,21.6,90,,0,9,119.4,0.4,1,,Clear,clear-day,"UCFM,38353199999"
Bishkek,2021-02-24T23:00:00,-5,-13.3,-7,85.86,0.2,100,snow,0,0,,32.4,310,,100,10,0,,0,,"Snow, Overcast",snow,"UCFM,38353199999"
Bishkek,2021-02-25T01:00:00,-9,-17.5,-11,85.41,0,0,,0,0,,25.2,320,,100,10,0,,0,,Overcast,cloudy,"UCFM,38353199999"
Bishkek,2021-02-25T08:00:00,-11,-19.4,-14,78.52,0,0,,0,0,,21.6,310,,50,10,50.8,0.2,1,,Partially cloudy,partly-cloudy-day,"UCFM,38353199999"
Bishkek,2021-03-02T04:00:00,5,0.9,-4,52.19,0,0,,0,0,,21.6,130,1016,0,9,0,,0,,Clear,clear-night,"UCFM,38353199999"
Bishkek,2021-03-02T05:00:00,4,-0.4,-4,55.97,0,0,,0,0,,21.6,110,1016,0,10,0,,0,,Clear,clear-night,"UCFM,38353199999"
Bishkek,2021-03-02T16:00:00,15,15,-4,26.73,0,0,,0,0,,21.6,290,1018,80.8,10,195.7,0.7,2,,Partially cloudy,partly-cloudy-day,"UCFM,38353199999"
Bishkek,2021-03-02T17:00:00,14,14,-2,33.08,0,0,,0,0,,21.6,260,1018,86.5,10,85.5,0.3,1,,Partially cloudy,partly-cloudy-day,"UCFM,38353199999"
Bishkek,2021-03-02T20:00:00,9,6,1,57.28,0,0,,0,0,,21.6,300,1020,0,9,0,,0,,Clear,clear-night,"UCFM,38353199999"
Bishkek,2021-03-03T07:00:00,2,-2.9,1,93.09,0,0,,0,0,,21.6,290,1021,100,10,10.9,0,0,,Overcast,cloudy,"UCFM,38353199999"
Bishkek,2021-03-03T09:00:00,0.2,-5.3,-0.9,92.44,0,0,,0,0,,21.6,260,1022.3,100,10.7,297.4,1.1,3,,Overcast,cloudy,"UCFM,36911099999,38353199999"
Bishkek,2021-03-03T10:00:00,-1,-7.2,-1,100,0,0,,0,0,,25.2,250,1023,100,8,451,1.6,5,,Overcast,cloudy,"UCFM,38353199999"
Bishkek,2021-03-03T11:00:00,-1,-7.2,-1,100,0,0,,0,0,,25.2,270,1023,100,4,556.5,2,6,,Overcast,cloudy,"UCFM,38353199999"
Bishkek,2021-03-05T01:00:00,5,0.9,4,93.25,0,0,,0,0,,21.6,270,1018,100,6,0,,0,,Overcast,cloudy,"UCFM,38353199999"
Bishkek,2021-03-05T02:00:00,4,-0.8,2,86.8,0,0,,0,0,,25.2,270,1020,100,9,0,,0,,Overcast,cloudy,"UCFM,38353199999"
Bishkek,2021-03-05T04:00:00,1,-5.4,0,93.03,0,0,,0,0,,32.4,280,1024,100,5,0,,0,,Overcast,cloudy,"UCFM,38353199999"
Bishkek,2021-03-05T05:00:00,0,-5.5,0,100,0,0,,0,0,,21.6,240,1026,100,1,0,,0,,Overcast,cloudy,"UCFM,38353199999"
Bishkek,2021-03-06T16:00:00,12,12,3,54.1,0,0,,0,0,,21.6,280,1010,93,10,342.6,1.2,3,,Overcast,cloudy,"UCFM,38353199999"
Bishkek,2021-03-06T17:00:00,11,11,2,53.83,0,0,,0,0,,25.2,260,1010,96.4,10,139.2,0.5,1,,Overcast,cloudy,"UCFM,38353199999"
Bishkek,2021-03-06T19:00:00,8,4.7,2,65.85,0,0,,0,0,,21.6,240,1011,98.9,10,0,,0,,Overcast,cloudy,"UCFM,38353199999"
Bishkek,2021-03-06T20:00:00,8,4.7,2,65.85,0,0,,0,0,,21.6,240,1012,98.9,10,0,,0,,Overcast,cloudy,"UCFM,38353199999"
Bishkek,2021-03-10T14:00:00,16,16,3,41.74,0,0,,0,0,,28.8,270,1010,96.4,10,455.6,1.6,5,,Overcast,cloudy,"UCFM,38353199999"
Bishkek,2021-03-10T17:00:00,14,14,3,47.47,0,0,,0,0,,21.6,320,1013,50,10,100.6,0.4,1,,Partially cloudy,partly-cloudy-day,"UCFM,38353199999"
Bishkek,2021-03-10T20:00:00,10,6.2,5,71.09,0.1,100,rain,0,0,,36,310,1016,89,10,0,,0,,"Rain, Partially cloudy",rain,"UCFM,38353199999"
Bishkek,2021-03-10T21:00:00,8.1,4.6,5.6,84.26,0,0,,0,0,,23.9,289,1017.9,90.5,4.8,0,,0,,Overcast,cloudy,"UCFM,36911099999,38353199999,38229099999"
Bishkek,2021-03-11T02:00:00,2,-3.3,1,93.09,0,0,,0,0,,25.2,330,1020,89,9,0,,0,,Partially cloudy,partly-cloudy-night,"UCFM,38353199999"
Bishkek,2021-03-12T14:00:00,12,12,2,50.39,0,0,,0,0,,21.6,270,1009,50,10,494.9,1.8,5,,Partially cloudy,partly-cloudy-day,"UCFM,38353199999"
Bishkek,2021-03-13T02:00:00,6,2.2,3,81.08,0,0,,0,0,,21.6,230,1010,50,9,0,,0,,Partially cloudy,partly-cloudy-night,"UCFM,38353199999"
Bishkek,2021-03-13T04:00:00,5,0.9,2,80.94,0,0,,0,0,,21.6,250,1010,50,10,0,,0,,Partially cloudy,partly-cloudy-night,"UCFM,38353199999"
Bishkek,2021-03-13T05:00:00,4,-1.1,2,86.8,0,0,,0,0,,28.8,260,1011,89,10,0,,0,,Partially cloudy,partly-cloudy-night,"UCFM,38353199999"
Bishkek,2021-03-13T07:00:00,3,-2.4,1,86.7,0,0,,0,0,,28.8,260,1014,89,10,15,0.1,0,,Partially cloudy,partly-cloudy-night,"UCFM,38353199999"
Bishkek,2021-03-13T08:00:00,3,-2.1,2,93.14,0,0,,0,0,,25.2,260,1015,100,8,55.9,0.2,1,,Overcast,cloudy,"UCFM,38353199999"
Bishkek,2021-03-14T07:00:00,-2,-8.5,-3,92.86,0,0,,0,0,,25.2,270,1014,89,4,9.1,0,0,,Partially cloudy,partly-cloudy-night,"UCFM,38353199999"
Bishkek,2021-03-18T11:00:00,3,-1.6,-5,55.7,0,0,,0,1.75,,21.6,60,1028,0,10,794,2.9,8,,Clear,clear-day,"UCFM,38353199999"
Bishkek,2021-03-18T14:00:00,9,5.1,-2,46.04,0,0,,0,1.63,,32.4,50,1025,0,10,795.3,2.9,8,,Clear,clear-day,"UCFM,38353199999"
Bishkek,2021-03-18T15:00:00,12.2,12.2,-3.1,34.09,0,0,,0,1.59,43.2,27.4,82,1024.5,3.6,19.2,668,2.4,7,,Clear,clear-day,"38353099999,UCFM,36911099999,38353199999,38229099999"
Bishkek,2021-03-18T16:00:00,10,6.2,-2,43.05,0,0,,0,1.55,,36,40,1023,4.3,10,494.8,1.8,5,,Clear,clear-day,"UCFM,38353199999"
Bishkek,2021-03-18T17:00:00,9,4.6,-2,46.03,0,0,,0,1.51,,39.6,50,1022,0,10,288.6,1,3,,Clear,clear-day,UCFM
Bishkek,2021-03-18T19:00:00,6,0.7,-4,48.7,0,0,,0,1.44,57.6,39.6,50,1020,0,10,0,,0,,Clear,clear-day,"UCFM,38353199999"
Bishkek,2021-03-18T20:00:00,5,-0.1,-4,52.19,0,0,,0,1.4,,32.4,60,1020,0,10,0,,0,,Clear,clear-night,"UCFM,38353199999"
Bishkek,2021-03-18T21:00:00,4.3,-0.8,-3.2,57.98,0,0,,0,1.36,63,29.8,63,1022.8,0,9.4,0,,0,,Clear,clear-night,"38353099999,UCFM,36911099999,38353199999,38229099999"
Bishkek,2021-03-18T22:00:00,4,-1.1,-4,55.97,0,0,,0,1.32,,28.8,60,1019,0,10,0,,0,,Clear,clear-night,"UCFM,38353199999"
Bishkek,2021-03-18T23:00:00,3,-2.4,-5,55.7,0,0,,0,1.28,,28.8,50,1018,0,10,0,,0,,Clear,clear-night,"UCFM,38353199999"
Bishkek,2021-03-19T01:00:00,2,-3.3,-5,59.81,0,0,,0,1.2,,25.2,60,1017,0,10,0,,0,,Clear,clear-night,"UCFM,38353199999"
Bishkek,2021-03-19T02:00:00,2,-3.3,-6,55.43,0,0,,0,1.16,,25.2,60,1017,0,10,0,,0,,Clear,clear-night,"UCFM,38353199999"
Bishkek,2021-03-19T12:00:00,17.4,17.4,-8,16.86,0,0,,0,0,50.7,28.8,82,1011.6,0,19.2,853.8,3.1,9,,Clear,clear-day,"38353099999,UCFM,36911099999,38353199999,38229099999"
Bishkek,2021-03-19T13:00:00,21,21,-8,13.51,0,0,,0,0,,28.8,110,1011,0,10,853.8,3.1,9,,Clear,clear-day,"UCFM,38353199999"
Bishkek,2021-03-19T14:00:00,22,22,-12,9.23,0,0,,0,0,,28.8,100,1010,0,10,789.3,2.8,8,,Clear,clear-day,"UCFM,38353199999"
Bishkek,2021-03-19T15:00:00,22.2,22.2,-6.9,13.66,0,0,,0,0,50.7,22.4,91,1007.7,26.7,19.2,661.5,2.4,7,,Partially cloudy,partly-cloudy-day,"38353099999,UCFM,36911099999,38353199999,38229099999"
Bishkek,2021-03-19T16:00:00,20,20,2,30.23,0,0,,0,0,,28.8,40,1009,90.4,10,486.6,1.8,5,,Overcast,cloudy,"UCFM,38353199999"
Bishkek,2021-03-19T17:00:00,18,18,1,31.88,0,0,,0,0,,25.2,40,1009,94.1,10,272.8,1,3,,Overcast,cloudy,"UCFM,38353199999"
Bishkek,2021-03-19T19:00:00,12,12,0,43.64,0,0,,0,0,,25.2,60,1009,93.3,10,0,,0,,Overcast,cloudy,"UCFM,38353199999"
Bishkek,2021-03-20T02:00:00,12,12,-7,25.87,0,0,,0,0,,32.4,120,1007,92.9,10,0,,0,,Overcast,cloudy,"UCFM,38353199999"
Bishkek,2021-03-20T04:00:00,13,13,-8,22.43,0,0,,0,0,,28.8,130,1006,94.1,10,0,,0,,Overcast,cloudy,"UCFM,38353199999"
Bishkek,2021-03-20T05:00:00,14,14,-9,19.44,0,0,,0,0,,28.8,140,1006,94.1,10,0,,0,,Overcast,cloudy,"UCFM,38353199999"
Bishkek,2021-03-20T08:00:00,11,11,1,50.11,0,0,,0,0,,36,260,1011,50,10,185.8,0.7,2,,Partially cloudy,partly-cloudy-day,"UCFM,38353199999"
Bishkek,2021-03-20T16:00:00,16,16,7,55.14,0,0,,0,0,,21.6,340,1011,50,10,366.3,1.3,4,,Partially cloudy,partly-cloudy-day,"UCFM,38353199999"
Bishkek,2021-03-21T01:00:00,8,4.1,6,87.19,0,0,,0,0,,28.8,250,1010,50,10,0,,0,,Partially cloudy,partly-cloudy-night,"UCFM,38353199999"
Bishkek,2021-03-21T02:00:00,7,2.8,6,93.35,0,0,,0,0,,28.8,260,1010,89,10,0,,0,,Partially cloudy,partly-cloudy-night,"UCFM,38353199999"
Bishkek,2021-03-21T04:00:00,7,2.5,6,93.35,0,0,,0,0,,32.4,260,1011,100,5,0,,0,,Overcast,cloudy,"UCFM,38353199999"
Bishkek,2021-03-21T05:00:00,6,1.2,6,100,0,0,,0,0,,32.4,260,1012,100,4,0,,0,,Overcast,cloudy,"UCFM,38353199999"
Bishkek,2021-03-21T07:00:00,5,0.2,4,93.25,0,0,,0,0,,28.8,260,1015,100,10,27,0.1,0,,Overcast,cloudy,"UCFM,38353199999"
Bishkek,2021-03-21T08:00:00,5,-0.1,4,93.25,0,0,,0,0,,32.4,270,1016,100,4,149.3,0.5,1,,Overcast,cloudy,"UCFM,38353199999"
Bishkek,2021-03-21T09:00:00,4,-0.2,3,92.81,0,0,,0,0,,20.3,279,1017.3,100,10.7,319.8,1.2,3,,Overcast,cloudy,"UCFM,36911099999,38353199999"
Bishkek,2021-03-22T16:00:00,16,16,2,38.88,0,0,,0,0,,21.6,270,1010,93.6,10,453.3,1.6,5,,Overcast,cloudy,"UCFM,38353199999"
Bishkek,2021-03-22T17:00:00,16,16,4,44.79,0,0,,0,0,,28.8,250,1010,94.3,10,248.8,0.9,2,,Overcast,cloudy,"UCFM,38353199999"
Bishkek,2021-03-23T08:00:00,5,0.9,2,80.94,0,0,,0,0,,21.6,220,1008,99,10,140.7,0.5,1,,Overcast,cloudy,"UCFM,38353199999"
Bishkek,2021-03-23T14:00:00,20,20,2,30.23,0,0,,0,0,,28.8,300,1008,98.9,10,389.8,1.4,4,,Overcast,cloudy,"UCFM,38353199999"
Bishkek,2021-03-23T16:00:00,16,16,5,48.03,0.1,100,rain,0,0,57.6,39.6,310,1012,50,10,252.9,0.9,3,,"Rain, Partially cloudy",rain,"UCFM,38353199999"
Bishkek,2021-03-23T17:00:00,12,12,4,58.05,0.1,100,rain,0,0,61.2,43.2,300,1014,89,10,148.7,0.5,1,,"Rain, Partially cloudy",rain,"UCFM,38353199999"
Bishkek,2021-03-23T19:00:00,7,3.1,4,81.22,0.2,100,rain,0,0,,25.2,280,1018,89,8,0.2,0,0,,"Rain, Partially cloudy",rain,"UCFM,38353199999"
Bishkek,2021-03-24T13:00:00,12,12,4,58.05,0,0,,0,0,,21.6,30,1019,48.9,10,840.8,3,8,,Partially cloudy,partly-cloudy-day,"UCFM,38353199999"
Bishkek,2021-03-24T14:00:00,12,12,3,54.1,0,0,,0,0,,21.6,30,1018,46.1,10,774.3,2.8,8,,Partially cloudy,partly-cloudy-day,"UCFM,38353199999"
Bishkek,2021-03-24T16:00:00,11,11,2,53.83,0,0,,0,0,,25.2,40,1016,94.2,10,471.3,1.7,5,,Overcast,cloudy,"UCFM,38353199999"
Bishkek,2021-03-25T04:00:00,7,3.4,2,70.5,0,0,,0,0,,21.6,110,1012,0,6,0,,0,,Clear,clear-night,"UCFM,38353199999"
Bishkek,2021-03-25T05:00:00,7,3.4,2,70.5,0,0,,0,0,,21.6,120,1012,0,9,0,,0,,Clear,clear-night,"UCFM,38353199999"
Bishkek,2021-03-25T08:00:00,9,5.7,3,66.07,0,0,,0,0,,25.2,120,1012,1.6,10,259,0.9,3,,Clear,clear-day,"UCFM,38353199999"
Bishkek,2021-03-25T10:00:00,16,16,2,38.88,0,0,,0,0,,28.8,110,1011,2.6,10,630.3,2.3,6,,Clear,clear-day,"UCFM,38353199999"
Bishkek,2021-03-25T11:00:00,19,19,0,27.86,0,0,,0,0,,28.8,120,1010,55.2,10,745.8,2.7,7,,Partially cloudy,partly-cloudy-day,"UCFM,38353199999"
Bishkek,2021-03-27T04:00:00,12,12,6,66.72,0,0,,0,0,,25.2,120,1015,89,10,0,,0,,Partially cloudy,partly-cloudy-night,"UCFM,38353199999"
Bishkek,2021-03-27T05:00:00,12,12,6,66.72,0,0,,0,0,,21.6,130,1015,89,10,0,,0,,Partially cloudy,partly-cloudy-night,"UCFM,38353199999"
Bishkek,2021-03-27T07:00:00,11,11,5,66.51,0,0,,0,0,,21.6,130,1015,3.4,10,92.5,0.3,1,,Clear,clear-day,"UCFM,38353199999"
Bishkek,2021-03-27T17:00:00,20,20,7,42.88,0,0,,0,0,,21.6,340,1006,75.4,10,236.8,0.9,2,,Partially cloudy,partly-cloudy-day,"UCFM,38353199999"
Bishkek,2021-03-27T19:00:00,17,17,8,55.4,0,0,,0,0,,32.4,320,1008,50,10,0.7,0,0,,Partially cloudy,partly-cloudy-day,"UCFM,38353199999"
Bishkek,2021-03-27T20:00:00,12,12,8,76.52,0,0,,0,0,68.4,50.4,280,1012,89,10,0,,0,,Partially cloudy,wind,"UCFM,38353199999"
Bishkek,2021-03-27T21:00:00,10.2,10.2,8.6,89.39,0,0,,0,0,75.6,25,280,1012.9,90.5,9.4,0,,0,,Overcast,cloudy,"UCFM,36911099999,38353199999,38229099999"
Bishkek,2021-03-29T04:00:00,7,3.4,6,93.35,0,0,,0,0,,21.6,260,1013,100,5,0,,0,,Overcast,cloudy,"UCFM,38353199999"
Bishkek,2021-03-29T05:00:00,6,1.2,5,93.3,0,0,,0,0,,32.4,280,1014,100,6,0,,0,,Overcast,cloudy,"UCFM,38353199999"
Bishkek,2021-03-29T07:00:00,4,-0.8,2,86.8,0,0,,0,0,,25.2,290,1018,100,6,25.9,0.1,0,,Overcast,cloudy,"UCFM,38353199999"
Bishkek,2021-03-29T08:00:00,3,-2.1,2,93.14,0,0,,0,0,,25.2,290,1020,100,8,85.8,0.3,1,,Overcast,cloudy,"UCFM,38353199999"
Bishkek,2021-03-31T08:00:00,3,-1.6,1,86.7,0,0,,0,0,,21.6,120,1025,50,7,317.3,1.1,3,,Partially cloudy,partly-cloudy-day,"UCFM,38353199999"
Bishkek,2021-03-31T19:00:00,8,4.7,-2,49.27,0,0,,0,0,,21.6,290,1025,89,10,1.4,0,0,,Partially cloudy,partly-cloudy-day,"UCFM,38353199999"
Bishkek,2021-03-31T20:00:00,3,-2.4,2,93.14,0,0,,0,0,,28.8,310,1026,89,8,0,,0,,Partially cloudy,partly-cloudy-night,"UCFM,38353199999"
Bishkek,2021-04-01T13:00:00,-1,-9.3,-2,92.92,0,0,,0,0,,46.8,270,1027,89,0,338.5,1.2,3,,Partially cloudy,partly-cloudy-day,"UCFM,38353199999"
Bishkek,2021-04-01T14:00:00,-1,-8,-2,92.92,0,0,,0,0,,32.4,250,1028,100,5,329.3,1.2,3,,Overcast,cloudy,"UCFM,38353199999"
Bishkek,2021-04-01T15:00:00,-1.7,-8.6,-2.5,94.7,0,0,,0,0,,29.2,267,1034.1,100,2,283,1,3,,Overcast,cloudy,"38353099999,UCFM,36911099999,38353199999,38229099999"
Bishkek,2021-04-01T16:00:00,-1,-6.7,-2,92.92,0,0,,0,0,,21.6,240,1030,100,1,216.4,0.8,2,,Overcast,cloudy,"UCFM,38353199999"
Bishkek,2021-04-03T13:00:00,9,5.4,-1,49.55,0,0,,0,4.08,,28.8,50,1018,0,10,938.8,3.4,9,,Clear,clear-day,"UCFM,38353199999"
Bishkek,2021-04-03T14:00:00,11,11,-1,43.34,0,0,,0,3.96,,36,40,1017,0,10,874.5,3.1,9,,Clear,clear-day,"UCFM,38353199999"
Bishkek,2021-04-03T16:00:00,12,12,0,43.64,0,0,,0,3.73,,36,50,1016,0,10,571.8,2.1,6,,Clear,clear-day,"UCFM,38353199999"
Bishkek,2021-04-03T17:00:00,12,12,-3,35.01,0,0,,0,3.61,,32.4,50,1016,0,10,364.6,1.3,4,,Clear,clear-day,"UCFM,38353199999"
Bishkek,2021-04-03T19:00:00,9,5.7,-2,46.04,0,0,,0,3.38,,25.2,60,1015,0,10,7.1,0,0,,Clear,clear-day,"UCFM,38353199999"
Bishkek,2021-04-03T20:00:00,7,3.1,-2,52.75,0,0,,0,3.26,,25.2,60,1014,0,10,0,,0,,Clear,clear-night,"UCFM,38353199999"
Bishkek,2021-04-04T10:00:00,13,13,-3,32.79,0,0,,0,0,,25.2,70,1005,75.2,10,718.5,2.6,7,,Partially cloudy,partly-cloudy-day,"UCFM,38353199999"
Bishkek,2021-04-04T20:00:00,14,14,6,58.55,0,0,,0,0,,25.2,300,1009,50,10,0,,0,,Partially cloudy,partly-cloudy-night,"UCFM,38353199999"
Bishkek,2021-04-04T21:00:00,15.1,15.1,3.4,45.53,0,0,,0,0,,27.9,268,1010.4,98.3,9.4,0,,0,,Overcast,cloudy,"38353099999,UCFM,36911099999,38353199999,38229099999"
Bishkek,2021-04-04T22:00:00,12,12,9,81.88,0,0,,0,0,,28.8,280,1013,89,10,0,,0,,Partially cloudy,partly-cloudy-night,"UCFM,38353199999"
Bishkek,2021-04-05T02:00:00,9,6,8,93.45,0,0,,0,0,,21.6,230,1016,89,10,0,,0,,Partially cloudy,partly-cloudy-night,"UCFM,38353199999"
Bishkek,2021-04-06T17:00:00,15,15,5,51.21,0,0,,0,0,,28.8,50,1020,50,10,270,1,3,,Partially cloudy,partly-cloudy-day,"UCFM,38353199999"
Bishkek,2021-04-11T04:00:00,8,4.7,3,70.7,0,0,,0,0,,21.6,250,1016,0,10,0,,0,,Clear,clear-night,"UCFM,38353199999"
Bishkek,2021-04-11T17:00:00,23,23,4,28.99,0,0,,0,0,,28.8,30,1014,31.9,10,281.4,1,3,,Partially cloudy,partly-cloudy-day,"UCFM,38353199999"
Bishkek,2021-04-11T19:00:00,19,19,3,34.54,0,0,,0,0,,25.2,50,1015,13.8,10,14.3,0.1,0,,Clear,clear-day,"UCFM,38353199999"
Bishkek,2021-04-11T22:00:00,13,13,6,62.48,0,0,,0,0,,28.8,270,1017,8,10,0,,0,,Clear,clear-night,"UCFM,38353199999"
Bishkek,2021-04-11T23:00:00,10,6.9,4,66.29,0,0,,0,0,,25.2,260,1017,51.4,10,0,,0,,Partially cloudy,partly-cloudy-night,"UCFM,38353199999"
Bishkek,2021-04-12T08:00:00,8,4.4,4,75.86,0,0,,0,0,,25.2,270,1018,50,10,349,1.3,3,,Partially cloudy,partly-cloudy-day,"UCFM,38353199999"
Bishkek,2021-04-12T16:00:00,18,18,6,45.35,0,0,,0,0,,28.8,270,1017,35.1,10,435.8,1.6,4,,Partially cloudy,partly-cloudy-day,"UCFM,38353199999"
Bishkek,2021-04-12T17:00:00,17,17,6,48.31,0,0,,0,0,,25.2,270,1018,34.1,10,279.9,1,3,,Partially cloudy,partly-cloudy-day,"UCFM,38353199999"
Bishkek,2021-04-12T19:00:00,16,16,6,51.48,0,0,,0,0,,21.6,250,1019,50,10,16,0.1,0,,Partially cloudy,partly-cloudy-day,"UCFM,38353199999"
Bishkek,2021-04-13T17:00:00,19,19,7,45.63,0,0,,0,0,,21.6,270,1020,99.3,10,147.8,0.5,1,,Overcast,cloudy,"UCFM,38353199999"
Bishkek,2021-04-14T07:00:00,8,4.4,-2,49.27,0,0,,0,0,,25.2,60,1019,67.6,10,86.7,0.3,1,,Partially cloudy,partly-cloudy-day,"UCFM,38353199999"
Bishkek,2021-04-15T13:00:00,21,21,5,35.12,0,0,,0,0,,21.6,280,1013,95.8,10,628,2.3,6,,Overcast,cloudy,"UCFM,38353199999"
Bishkek,2021-04-15T14:00:00,22,22,6,35.4,0,0,,0,0,,21.6,270,1013,95.7,10,526.3,1.9,5,,Overcast,cloudy,"UCFM,38353199999"
Bishkek,2021-04-15T16:00:00,23,23,5,31.08,0,0,,0,0,,21.6,280,1013,97.1,10,284.3,1,3,,Overcast,cloudy,"UCFM,38353199999"
Bishkek,2021-04-15T17:00:00,22,22,5,33.03,0,0,,0,0,,28.8,250,1013,96.7,10,189.2,0.7,2,,Overcast,cloudy,"UCFM,38353199999"
Bishkek,2021-04-15T19:00:00,19,19,4,37.06,0,0,,0,0,,25.2,230,1014,27.5,10,13,0,0,,Partially cloudy,partly-cloudy-day,"UCFM,38353199999"
Bishkek,2021-04-15T20:00:00,18,18,4,39.46,0,0,,0,0,,21.6,240,1015,50,10,0,,0,,Partially cloudy,partly-cloudy-night,"UCFM,38353199999"
Bishkek,2021-04-17T16:00:00,23,23,2,25.16,0,0,,0,0,,21.6,260,1017,27.5,10,439.9,1.6,4,,Partially cloudy,partly-cloudy-day,"UCFM,38353199999"
Bishkek,2021-04-17T17:00:00,23,23,2,25.16,0,0,,0,0,,21.6,290,1017,50,10,227.2,0.8,2,,Partially cloudy,partly-cloudy-day,"UCFM,38353199999"
Bishkek,2021-04-18T18:00:00,16.4,16.4,7.1,54.03,0,0,,0,0,46.8,26,246,1018.6,98,18.8,66.9,0.2,1,,Overcast,cloudy,"38353099999,UCFM,36911099999,38353199999,38229099999"
Bishkek,2021-04-19T01:00:00,13,13,8,71.66,0,0,,0,0,,21.6,110,1020,89,10,0,,0,,Partially cloudy,partly-cloudy-night,"UCFM,38353199999"
Bishkek,2021-04-19T02:00:00,12,12,8,76.52,0,0,,0,0,,21.6,120,1019,27.5,10,0,,0,,Partially cloudy,partly-cloudy-night,"UCFM,38353199999"
Bishkek,2021-04-19T04:00:00,12,12,7,71.47,0,0,,0,0,,21.6,120,1019,27.5,10,0,,0,,Partially cloudy,partly-cloudy-night,"UCFM,38353199999"
Bishkek,2021-04-19T05:00:00,13,13,6,62.48,0,0,,0,0,,28.8,130,1018,27.5,10,0,,0,,Partially cloudy,partly-cloudy-night,"UCFM,38353199999"
Bishkek,2021-04-19T07:00:00,12,12,5,62.25,0,0,,0,0,,25.2,120,1018,93.5,10,164.1,0.6,2,,Overcast,cloudy,"UCFM,38353199999"
Bishkek,2021-04-20T12:00:00,18,18,5.4,43.44,0,0,,0,0,43.2,21.8,280,1011.9,92.1,19.2,434.9,1.6,4,,Overcast,cloudy,"38353099999,UCFM,36911099999,38353199999,38229099999"
Bishkek,2021-04-20T13:00:00,20,20,4,34.83,0,0,,0,0,,32.4,310,1012,50,10,438.8,1.6,4,,Partially cloudy,partly-cloudy-day,"UCFM,38353199999"
Bishkek,2021-04-20T14:00:00,20,20,4,34.83,0,0,,0,0,,25.2,280,1012,50,10,370.1,1.3,4,,Partially cloudy,partly-cloudy-day,"UCFM,38353199999"
Bishkek,2021-04-20T17:00:00,20,20,4,34.83,0,0,,0,0,,25.2,290,1011,89,10,203.3,0.7,2,,Partially cloudy,partly-cloudy-day,"UCFM,38353199999"
Bishkek,2021-04-21T04:00:00,9,5.7,7,87.29,0,0,,0,0,,25.2,280,1008,89,10,0,,0,,Partially cloudy,partly-cloudy-night,"UCFM,38353199999"
Bishkek,2021-04-21T05:00:00,8,4.4,7,93.4,0,0,,0,0,,25.2,280,1009,89,5,0,,0,,Partially cloudy,partly-cloudy-night,"UCFM,38353199999"
Bishkek,2021-04-21T09:00:00,7.1,3.4,6.1,93.36,0,0,,0,0,,22.7,279,1014.1,89.8,5.2,195.3,0.7,2,,Partially cloudy,partly-cloudy-day,"UCFM,36911099999,38353199999"
Bishkek,2021-04-21T16:00:00,5,0.2,4,93.25,0,0,,0,0,,28.8,270,1020,89,10,251.1,0.9,3,,Partially cloudy,partly-cloudy-day,"UCFM,38353199999"
Bishkek,2021-04-21T17:00:00,5,0.5,3,86.9,0,0,,0,0,,25.2,280,1021,89,10,154.6,0.6,2,,Partially cloudy,partly-cloudy-day,"UCFM,38353199999"
Bishkek,2021-04-23T13:00:00,11,11,-1,43.34,0,0,,0,0,,21.6,30,1029,0,10,1003.8,3.6,10,,Clear,clear-day,"UCFM,38353199999"
Bishkek,2021-04-23T16:00:00,14,14,-1,35.6,0,0,,0,0,,21.6,30,1027,0,10,656,2.4,7,,Clear,clear-day,"UCFM,38353199999"
Bishkek,2021-04-23T17:00:00,13,13,0,40.87,0,0,,0,0,,28.8,40,1027,0,10,454.5,1.6,5,,Clear,clear-day,"UCFM,38353199999"
Bishkek,2021-04-23T19:00:00,11,11,-2,40.28,0,0,,0,0,,32.4,40,1027,3.3,10,46.5,0.2,0,,Clear,clear-day,"UCFM,38353199999"
Bishkek,2021-04-23T20:00:00,8,4.1,-4,42.46,0,0,,0,0,,28.8,40,1027,55.4,10,0,,0,,Partially cloudy,partly-cloudy-night,"UCFM,38353199999"
Bishkek,2021-04-23T22:00:00,6,1.2,-7,38.78,0,0,,0,0,,32.4,60,1027,90.5,10,0,,0,,Overcast,cloudy,"UCFM,38353199999"
Bishkek,2021-04-23T23:00:00,5,0.5,-8,38.47,0,0,,0,0,,25.2,50,1026,58.6,10,0,,0,,Partially cloudy,partly-cloudy-night,"UCFM,38353199999"
Bishkek,2021-04-24T00:00:00,3.3,-1.9,-3.2,62.34,0,0,,0,0,54,27.2,61,1029.3,30,9.4,0,,0,,Partially cloudy,partly-cloudy-night,"38353099999,UCFM,36911099999,38353199999,38229099999"
Bishkek,2021-04-24T01:00:00,3,-2.1,-8,44.27,0,0,,0,0,,25.2,60,1025,1.6,10,0,,0,,Clear,clear-night,"UCFM,38353199999"
Bishkek,2021-04-24T02:00:00,3,-2.1,-8,44.27,0,0,,0,0,,25.2,60,1024,0,10,0,,0,,Clear,clear-night,"UCFM,38353199999"
Bishkek,2021-04-24T03:00:00,1.6,-3.4,-2,76.77,0,0,,0,0,,21.8,63,1027.5,0,9.4,0,,0,,Clear,clear-night,"38353099999,UCFM,36911099999,38353199999,38229099999"
Bishkek,2021-04-24T08:00:00,5,0.9,-7,41.56,0,0,,0,0,,21.6,60,1023,6.9,10,444.4,1.6,4,,Clear,clear-day,"UCFM,38353199999"
Bishkek,2021-04-24T13:00:00,15,15,-4,26.73,0,0,,0,0,,21.6,50,1021,92.3,10,976.8,3.5,10,,Overcast,cloudy,"UCFM,38353199999"
Bishkek,2021-04-24T14:00:00,16,16,-6,21.55,0,0,,0,0,,21.6,30,1022,97.8,10,872.5,3.1,9,,Overcast,cloudy,"UCFM,38353199999"
Bishkek,2021-04-24T16:00:00,16,16,-5,23.25,0,0,,0,0,,21.6,30,1021,98.9,10,341.8,1.2,3,,Overcast,cloudy,"UCFM,38353199999"
Bishkek,2021-04-24T17:00:00,15,15,-5,24.79,0,0,,0,0,,21.6,40,1021,98.7,10,157.4,0.6,2,,Overcast,cloudy,"UCFM,38353199999"
Bishkek,2021-04-25T23:00:00,17,17,6,48.31,0,0,,0,0,57.6,28.8,270,1022,89,9,0,,0,,Partially cloudy,partly-cloudy-night,"UCFM,38353199999"
Bishkek,2021-04-30T07:00:00,18,18,5,42.31,0,0,,0,0,,21.6,120,1009,0.1,10,225.9,0.8,2,,Clear,clear-day,"UCFM,38353199999"
Bishkek,2021-04-30T16:00:00,32,30.2,9,24.14,0,0,,0,0,,36,280,1007,95.3,10,213.8,0.8,2,,Overcast,cloudy,"UCFM,38353199999"
Bishkek,2021-04-30T17:00:00,32,30,7,21.07,0,0,,0,0,,36,290,1008,50,10,130.8,0.5,1,,Partially cloudy,partly-cloudy-day,"UCFM,38353199999"
Bishkek,2021-04-30T18:00:00,25.4,25.4,10,37.92,0,0,,0,0,53.9,26.2,261,1007.7,90.2,11,59.7,0.2,1,,Overcast,cloudy,"38353099999,UCFM,36911099999,38353199999,38229099999"
Bishkek,2021-04-30T19:00:00,25,25,11,41.45,0.1,100,rain,0,0,,43.2,250,1012,50,10,14.9,0.1,0,,"Rain, Partially cloudy",rain,"UCFM,38353199999"
Bishkek,2021-04-30T20:00:00,23,23,10,43.73,0.1,100,rain,0,0,,43.2,250,1014,50,10,0,,0,,"Rain, Partially cloudy",rain,"UCFM,38353199999"
Bishkek,2021-04-30T21:00:00,18.4,18.4,9.3,55.3,0,0,,0,0,57.6,37.6,278,1016.4,89.8,6.6,0,,0,,Partially cloudy,partly-cloudy-night,"UCFM,36911099999,38353199999,38229099999"
Bishkek,2021-04-30T22:00:00,15,15,12,82.26,0,0,,0,0,,21.6,250,1019,89,10,0,,0,,Partially cloudy,partly-cloudy-night,"UCFM,38353199999"
Bishkek,2021-05-01T04:00:00,13,13,12,93.65,0,0,,0,0,,25.2,280,1021,89,4,0,,0,,Partially cloudy,partly-cloudy-night,"UCFM,38353199999"
Bishkek,2021-05-01T05:00:00,12,12,11,93.6,0,0,,0,0,,21.6,300,1022,89,4,0,,0,,Partially cloudy,partly-cloudy-night,"UCFM,38353199999"
Bishkek,2021-05-01T19:00:00,16,16,8,59.04,0,0,,0,0,,21.6,50,1020,97.6,10,20.8,0.1,0,,Overcast,cloudy,"UCFM,38353199999"
Bishkek,2021-05-01T21:00:00,13.7,13.7,6.3,60.72,0,0,,0,0,,22.6,54,1019.9,32.6,9.4,0,,0,,Partially cloudy,partly-cloudy-night,"UCFM,36911099999,38353199999,38229099999"
Bishkek,2021-05-01T22:00:00,14,14,6,58.55,0,0,,0,0,,25.2,60,1020,27.5,10,0,,0,,Partially cloudy,partly-cloudy-night,"UCFM,38353199999"
Bishkek,2021-05-01T23:00:00,13,13,6,62.48,0,0,,0,0,,21.6,70,1020,27.5,10,0,,0,,Partially cloudy,partly-cloudy-night,"UCFM,38353199999"
Bishkek,2021-05-02T01:00:00,12,12,6,66.72,0,0,,0,0,,25.2,60,1019,27.5,10,0,,0,,Partially cloudy,partly-cloudy-night,"UCFM,38353199999"
Bishkek,2021-05-02T02:00:00,12,12,2,50.39,0,0,,0,0,,25.2,60,1019,27.5,10,0,,0,,Partially cloudy,partly-cloudy-night,"UCFM,38353199999"
Bishkek,2021-05-02T03:00:00,11.2,11.2,8.3,82.23,0,0,,0,0,,26.7,70,1019.4,71.4,9.4,0,,0,,Partially cloudy,partly-cloudy-night,"38353099999,UCFM,36911099999,38353199999,38229099999"
Bishkek,2021-05-02T14:00:00,22,22,10,46.47,0,0,,0,0,,21.6,230,1016,32.5,10,727.8,2.6,7,,Partially cloudy,partly-cloudy-day,"UCFM,38353199999"
Bishkek,2021-05-03T13:00:00,27,26.4,8,30.1,0,0,,0,0,,25.2,40,1014,29.3,10,968.3,3.5,10,,Partially cloudy,partly-cloudy-day,"UCFM,38353199999"
Bishkek,2021-05-03T14:00:00,28,27,8,28.39,0,0,,0,0,,21.6,30,1014,4.6,10,931.8,3.4,9,,Clear,clear-day,"UCFM,38353199999"
Bishkek,2021-05-04T10:00:00,23,23,7,35.69,0,0,,0,0,,21.6,60,1012,0,10,776.8,2.8,8,,Clear,clear-day,"UCFM,38353199999"
Bishkek,2021-05-04T11:00:00,24,24,6,31.37,0,0,,0,0,,32.4,50,1011,0,10,892.8,3.2,9,,Clear,clear-day,"UCFM,38353199999"
Bishkek,2021-05-04T13:00:00,27,26.2,5,24.49,0,0,,0,0,,36,50,1009,18,10,981.5,3.5,10,,Clear,clear-day,"UCFM,38353199999"
Bishkek,2021-05-04T14:00:00,28,26.8,4,21.54,0,0,,0,0,,46.8,50,1009,18.8,10,922.3,3.3,9,,Clear,clear-day,"UCFM,38353199999"
Bishkek,2021-05-04T16:00:00,29,27.6,6,23.36,0,0,,0,0,,43.2,50,1007,2.8,10,632.5,2.3,6,,Clear,clear-day,"UCFM,38353199999"
Bishkek,2021-05-04T17:00:00,29,27.5,5,21.79,0,0,,0,0,54,36,50,1007,16.1,10,423.6,1.5,4,,Clear,clear-day,"UCFM,38353199999"
Bishkek,2021-05-04T19:00:00,26,26,3,22.57,0,0,,0,0,,36,50,1006,66.2,10,58.5,0.2,1,,Partially cloudy,partly-cloudy-day,"UCFM,38353199999"
Bishkek,2021-05-04T20:00:00,25,25,2,22.31,0,0,,0,0,,32.4,50,1006,92.8,10,0.1,0,0,,Overcast,cloudy,"UCFM,38353199999"
Bishkek,2021-05-05T16:00:00,31,29.5,10,27.33,0,0,,0,0,,21.6,270,1004,97.2,10,362.6,1.3,4,,Overcast,cloudy,"UCFM,38353199999"
Bishkek,2021-05-05T22:00:00,25,25,9,36.26,0,0,,0,0,,28.8,240,1007,90.7,10,0,,0,,Overcast,cloudy,"UCFM,38353199999"
Bishkek,2021-05-05T23:00:00,23,23,10,43.73,0,0,,0,0,,21.6,230,1008,91.6,10,0,,0,,Overcast,cloudy,"UCFM,38353199999"
Bishkek,2021-05-06T01:00:00,21,21,10,49.4,0,0,,0,0,,21.6,230,1009,89.1,10,0,,0,,Partially cloudy,partly-cloudy-night,"UCFM,38353199999"
Bishkek,2021-05-06T17:00:00,24,24,11,44,0,0,,0,0,,21.6,280,1013,50,10,167.8,0.6,2,,Partially cloudy,partly-cloudy-day,"UCFM,38353199999"
Bishkek,2021-05-08T22:00:00,22,22,11,49.67,0,0,,0,0,,21.6,230,1016,50,10,0,,0,,Partially cloudy,partly-cloudy-night,"UCFM,38353199999"
Bishkek,2021-05-09T16:00:00,25,25,13,47.28,0.4,100,rain,0,0,68.4,50.4,310,1013,50,8,334.5,1.2,3,,"Rain, Partially cloudy",rain,"UCFM,38353199999"
Bishkek,2021-05-09T17:00:00,23,23,13,53.32,0.5,100,rain,0,0,,39.6,310,1014,50,10,163.9,0.6,2,,"Rain, Partially cloudy",rain,"UCFM,38353199999"
Bishkek,2021-05-09T19:00:00,20,20,12,60,0.8,100,rain,0,0,,25.2,260,1016,89,10,18.6,0.1,0,,"Rain, Partially cloudy",rain,"UCFM,38353199999"
Bishkek,2021-05-11T16:00:00,25,25,3,23.96,0,0,,0,0,,25.2,240,1015,2.9,10,665.5,2.4,7,,Clear,clear-day,"UCFM,38353199999"
Bishkek,2021-05-11T19:00:00,24,24,5,29.27,0,0,,0,0,,21.6,240,1015,5.7,10,88.4,0.3,1,,Clear,clear-day,"UCFM,38353199999"
Bishkek,2021-05-12T11:00:00,22,22,10,46.47,0,0,,0,0,,21.6,320,1017,27.5,10,790,2.8,8,,Partially cloudy,partly-cloudy-day,"UCFM,38353199999"
Bishkek,2021-05-12T13:00:00,19,19,9,52.28,0,0,,0,0,,36,40,1018,50,10,856.8,3.1,9,,Partially cloudy,partly-cloudy-day,"UCFM,38353199999"
Bishkek,2021-05-12T14:00:00,21,21,8,43.17,0,0,,0,0,,21.6,30,1018,50,10,793.3,2.9,8,,Partially cloudy,partly-cloudy-day,"UCFM,38353199999"
Bishkek,2021-05-12T16:00:00,22,22,5,33.03,0,0,,0,0,,21.6,40,1018,50,10,524.3,1.9,5,,Partially cloudy,partly-cloudy-day,"UCFM,38353199999"
Bishkek,2021-05-14T14:00:00,21,21,2,28.42,0,0,,0,0,,21.6,320,1018,50,10,807.5,2.9,8,,Partially cloudy,partly-cloudy-day,"UCFM,38353199999"
Bishkek,2021-05-15T19:00:00,17,17,3,39.17,0,0,,0,0,,36,40,1019,89,10,87.1,0.3,1,,Partially cloudy,partly-cloudy-day,"UCFM,38353199999"
Bishkek,2021-05-15T20:00:00,16,16,3,41.74,0,0,,0,0,,28.8,40,1019,89,10,2,0,0,,Partially cloudy,partly-cloudy-day,"UCFM,38353199999"
Bishkek,2021-05-16T03:00:00,11,11,5.2,67.61,0,0,,0,0,,23.2,100,1019.5,33.3,9.4,0,,0,,Partially cloudy,partly-cloudy-night,"38353099999,UCFM,36911099999,38353199999,38229099999"
Bishkek,2021-05-16T19:00:00,23,23,2,25.16,0,0,,0,0,,21.6,40,1018,0.1,10,107.9,0.4,1,,Clear,clear-day,"UCFM,38353199999"
Bishkek,2021-05-16T20:00:00,21,21,2,28.42,0,0,,0,0,,21.6,50,1019,0,10,2.9,0,0,,Clear,clear-day,"UCFM,38353199999"
Bishkek,2021-05-19T16:00:00,29,27.4,2,17.64,0,0,,0,0,,32.4,290,1006,50,10,326.1,1.2,3,,Partially cloudy,partly-cloudy-day,"UCFM,38353199999"
Bishkek,2021-05-19T17:00:00,27,26.3,6,26.25,0,0,,0,0,50.4,32.4,180,1007,50,9,210.7,0.8,2,,Partially cloudy,partly-cloudy-day,"UCFM,38353199999"
Bishkek,2021-05-20T01:00:00,20,20,6,40.03,0,0,,0,0,,25.2,110,1009,50,10,0,,0,,Partially cloudy,partly-cloudy-night,"UCFM,38353199999"
Bishkek,2021-05-20T14:00:00,28,26.8,5,23.1,0.9,100,rain,0,0,,21.6,300,1011,50,10,463.8,1.7,5,,"Rain, Partially cloudy",rain,"UCFM,38353199999"
Bishkek,2021-05-20T16:00:00,23,23,11,46.74,1,100,rain,0,0,,28.8,50,1012,50,10,228,0.8,2,,"Rain, Partially cloudy",rain,"UCFM,38353199999"
Bishkek,2021-05-20T17:00:00,23,23,10,43.73,1.3,100,rain,0,0,,25.2,40,1013,50,10,130.6,0.5,1,,"Rain, Partially cloudy",rain,"UCFM,38353199999"
Bishkek,2021-05-20T19:00:00,21,21,9,46.19,0.7,100,rain,0,0,,21.6,60,1014,50,10,33.5,0.1,0,,"Rain, Partially cloudy",rain,"UCFM,38353199999"
Bishkek,2021-05-21T16:00:00,26,26,3,22.57,0,0,,0,0,,21.6,30,1018,3.7,10,694.5,2.5,7,,Clear,clear-day,"UCFM,38353199999"
Bishkek,2021-05-21T19:00:00,24,24,3,25.43,0,0,,0,0,,21.6,40,1018,50,10,119.6,0.4,1,,Partially cloudy,partly-cloudy-day,"UCFM,38353199999"
Bishkek,2021-05-21T20:00:00,22,22,0,23.15,0,0,,0,0,,21.6,50,1018,50,10,5.2,0,0,,Partially cloudy,partly-cloudy-day,"UCFM,38353199999"
Bishkek,2021-05-21T22:00:00,19,19,-4,20.74,0,0,,0,0,,21.6,50,1019,50,10,0,,0,,Partially cloudy,partly-cloudy-night,"UCFM,38353199999"
Bishkek,2021-05-22T09:00:00,18.6,18.6,8.1,50.63,0,0,,0,0,,28.9,62,1017.3,4,19.2,699,2.5,7,,Clear,clear-day,"38353099999,UCFM,36911099999,38353199999,38229099999"
Bishkek,2021-05-22T10:00:00,23,23,-1,20.26,0,0,,0,0,,32.4,50,1018,0,10,856.5,3.1,9,,Clear,clear-day,"UCFM,38353199999"
Bishkek,2021-05-22T11:00:00,25,25,-1,17.97,0,0,,0,0,,39.6,50,1017,0.4,10,968.3,3.5,10,,Clear,clear-day,"UCFM,38353199999"
Bishkek,2021-05-22T13:00:00,27,26,1,18.45,0,0,,0,0,,39.6,40,1017,7.9,10,1004.8,3.6,10,,Clear,clear-day,"UCFM,38353199999"
Bishkek,2021-05-22T14:00:00,27,26,1,18.45,0,0,,0,0,,43.2,30,1016,31.7,10,911,3.3,9,,Partially cloudy,partly-cloudy-day,"UCFM,38353199999"
Bishkek,2021-05-22T16:00:00,28,26.7,2,18.69,0,0,,0,0,,43.2,50,1015,55.1,10,540.5,1.9,5,,Partially cloudy,partly-cloudy-day,"UCFM,38353199999"
Bishkek,2021-05-22T17:00:00,28,26.7,3,20.07,0,0,,0,0,57.6,39.6,50,1015,27.5,10,404.8,1.5,4,,Partially cloudy,partly-cloudy-day,"UCFM,38353199999"
Bishkek,2021-05-22T19:00:00,26,26,4,24.22,0,0,,0,0,,32.4,50,1015,27.5,10,105.2,0.4,1,,Partially cloudy,partly-cloudy-day,"UCFM,38353199999"
Bishkek,2021-05-22T20:00:00,25,25,4,25.7,0,0,,0,0,,32.4,60,1015,27.5,10,5.1,0,0,,Partially cloudy,partly-cloudy-day,"UCFM,38353199999"
Bishkek,2021-05-22T21:00:00,22.7,22.7,7,36.32,0,0,,0,0,,26.8,64,1013.1,78.7,12.2,0,,0,,Partially cloudy,partly-cloudy-night,"38353099999,UCFM,36911099999,38353199999,38229099999"
Bishkek,2021-05-22T22:00:00,21,21,5,35.12,0,0,,0,0,,25.2,70,1015,42.5,10,0,,0,,Partially cloudy,partly-cloudy-night,"UCFM,38353199999"
Bishkek,2021-05-22T23:00:00,21,21,4,32.75,0,0,,0,0,,21.6,70,1015,19.2,10,0,,0,,Clear,clear-night,"UCFM,38353199999"
Bishkek,2021-05-23T00:00:00,18.4,18.4,6.1,44.28,0,0,,0,0,,23.7,71,1014.2,98.1,9.4,0,,0,,Overcast,cloudy,"38353099999,UCFM,36911099999,38353199999,38229099999"
Bishkek,2021-05-23T01:00:00,19,19,4,37.06,0,0,,0,0,,21.6,70,1014,13.3,10,0,,0,,Clear,clear-night,"UCFM,38353199999"
Bishkek,2021-05-23T13:00:00,30,28.3,6,22.05,0,0,,0,0,,46.8,60,1010,96.8,10,542.5,2,5,,Overcast,cloudy,"UCFM,38353199999"
Bishkek,2021-05-23T14:00:00,30,28.3,5,20.57,0,0,,0,0,64.8,46.8,50,1009,98.7,10,462.1,1.7,5,,Overcast,cloudy,"UCFM,38353199999"
Bishkek,2021-05-23T16:00:00,31,29,4,18.12,0,0,,0,0,,32.4,40,1008,98.6,10,309,1.1,3,,Overcast,cloudy,"UCFM,38353199999"
Bishkek,2021-05-23T17:00:00,31,29.1,6,20.82,0,0,,0,0,,28.8,50,1008,98.9,10,196.1,0.7,2,,Overcast,cloudy,"UCFM,38353199999"
Bishkek,2021-05-24T16:00:00,31,29.4,9,25.55,0,0,,0,0,,25.2,240,1011,90.1,10,351.6,1.3,4,,Overcast,cloudy,"UCFM,38353199999"
Bishkek,2021-05-24T17:00:00,31,29.4,9,25.55,0,0,,0,0,,25.2,260,1011,91,10,254.1,0.9,3,,Overcast,cloudy,"UCFM,38353199999"
Bishkek,2021-05-26T14:00:00,32,30.4,10,25.82,0,0,,0,0,,21.6,230,1008,95.5,10,746.8,2.7,7,,Overcast,cloudy,"UCFM,38353199999"
Bishkek,2021-05-26T16:00:00,32,30.4,10,25.82,0,0,,0,0,,25.2,230,1007,95.8,10,292.4,1.1,3,,Overcast,cloudy,"UCFM,38353199999"
Bishkek,2021-05-26T17:00:00,30,28.6,9,27.06,0,0,,0,0,,32.4,210,1007,50,9,144,0.5,1,,Partially cloudy,partly-cloudy-day,"UCFM,38353199999"
Bishkek,2021-05-26T19:00:00,26,26,7,29.82,0,0,,0,0,,21.6,120,1009,89,10,31.9,0.1,0,,Partially cloudy,partly-cloudy-day,"UCFM,38353199999"
Bishkek,2021-05-28T04:00:00,21,21,12,56.41,0,0,,0,0,,21.6,140,1012,89,10,0,,0,,Partially cloudy,partly-cloudy-night,"UCFM,38353199999"
Bishkek,2021-05-28T16:00:00,30,28.7,10,28.94,0,0,,0,0,,21.6,210,1012,50,10,310,1.1,3,,Partially cloudy,partly-cloudy-day,"UCFM,38353199999"
Bishkek,2021-05-28T17:00:00,28,27.2,10,32.49,0,0,,0,0,50.4,28.8,20,1013,89,10,151.5,0.5,2,,Partially cloudy,partly-cloudy-day,"UCFM,38353199999"
Bishkek,2021-05-28T19:00:00,23,23,11,46.74,0,0,,0,0,,21.6,350,1015,89,10,33.9,0.1,0,,Partially cloudy,partly-cloudy-day,"UCFM,38353199999"
Bishkek,2021-05-30T14:00:00,31,29.7,11,29.21,0,0,,0,0,,28.8,100,1011,94,10,263.9,1,3,,Overcast,cloudy,"UCFM,38353199999"
Bishkek,2021-05-30T18:00:00,27.4,27,11.2,36.35,0,0,,0,0,39.6,25.5,269,1008.8,91.3,19.2,78.8,0.3,1,,Overcast,cloudy,"38353099999,UCFM,36911099999,38353199999,38229099999"
Bishkek,2021-05-30T19:00:00,26,26,9,34.17,0,0,,0,0,,28.8,230,1012,89,10,33.1,0.1,0,,Partially cloudy,partly-cloudy-day,"UCFM,38353199999"
Bishkek,2021-06-01T04:00:00,21,21,10,49.4,0,0,,0,0,,25.2,110,1008,0,10,0,,0,,Clear,clear-night,"UCFM,38353199999"
Bishkek,2021-06-01T05:00:00,21,21,10,49.4,0,0,,0,0,,25.2,110,1009,0,10,6.7,0,0,,Clear,clear-night,"UCFM,38353199999"
Bishkek,2021-06-01T07:00:00,23,23,10,43.73,0,0,,0,0,,25.2,120,1009,0,10,312.5,1.1,3,,Clear,clear-day,"UCFM,38353199999"
Bishkek,2021-06-01T08:00:00,25,25,10,38.78,0,0,,0,0,,25.2,110,1009,0.2,10,511.9,1.8,5,,Clear,clear-day,"UCFM,38353199999"
Bishkek,2021-06-01T10:00:00,30,28.6,9,27.06,0,0,,0,0,,21.6,110,1009,1.9,10,848.5,3.1,8,,Clear,clear-day,"UCFM,38353199999"
Bishkek,2021-06-02T16:00:00,33,31.2,9,22.82,0,0,,0,0,,25.2,190,1007,50,9,504.3,1.8,5,,Partially cloudy,partly-cloudy-day,"UCFM,38353199999"
Bishkek,2021-06-02T17:00:00,33,30.9,7,19.92,0,0,,0,0,39.6,21.6,200,1008,89,9,345.9,1.2,3,,Partially cloudy,partly-cloudy-day,"UCFM,38353199999"
Bishkek,2021-06-02T21:00:00,27.8,26.9,8.1,28.97,0,0,,0,0,,21.6,220,1010.6,88.3,12.9,0,,0,,Partially cloudy,partly-cloudy-night,"UCFM,36911099999,38353199999"
Bishkek,2021-06-03T08:00:00,28,26.8,5,23.1,0,0,,0,0,75.6,39.6,310,1010,50,10,489,1.8,5,,Partially cloudy,partly-cloudy-day,"UCFM,38353199999"
Bishkek,2021-06-03T17:00:00,33,30.8,6,18.59,0,0,,0,0,,21.6,300,1009,50,10,306.1,1.1,3,,Partially cloudy,partly-cloudy-day,"UCFM,38353199999"
Bishkek,2021-06-03T19:00:00,29,27.9,10,30.66,0,0,,0,0,,28.8,230,1011,89,10,61.9,0.2,1,,Partially cloudy,partly-cloudy-day,"UCFM,38353199999"
Bishkek,2021-06-04T10:00:00,28,27.1,9,30.38,0,0,,0,0,,28.8,260,1013,50,10,721.3,2.6,7,,Partially cloudy,partly-cloudy-day,"UCFM,38353199999"
Bishkek,2021-06-04T13:00:00,33,31.3,10,24.4,0,0,,0,0,54,28.8,310,1013,4,10,990.3,3.6,10,,Clear,clear-day,"UCFM,38353199999"
Bishkek,2021-06-04T14:00:00,33,31,8,21.32,0,0,,0,0,46.8,28.8,300,1012,50,10,948.3,3.4,9,,Partially cloudy,partly-cloudy-day,"UCFM,38353199999"
Bishkek,2021-06-04T15:00:00,32.6,30.7,8.8,23,0,0,,0,0,43.2,23.6,321,1008.5,50.1,19.2,837.5,3,8,,Partially cloudy,partly-cloudy-day,"38353099999,UCFM,36911099999,38353199999,38229099999"
Bishkek,2021-06-04T16:00:00,33,30.8,5,17.35,0,0,,0,0,,36,290,1012,50,10,690.5,2.5,7,,Partially cloudy,partly-cloudy-day,"UCFM,38353199999"
Bishkek,2021-06-04T17:00:00,33,30.8,5,17.35,0,0,,0,0,,32.4,300,1012,50,10,512.8,1.8,5,,Partially cloudy,partly-cloudy-day,"UCFM,38353199999"
Bishkek,2021-06-04T18:00:00,31.4,29.9,10.3,27.15,0,0,,0,0,50.4,24.6,316,1009.3,91.7,19.2,318.5,1.1,3,,Overcast,cloudy,"38353099999,UCFM,36911099999,38353199999,38229099999"
Bishkek,2021-06-04T19:00:00,32,29.9,5,18.35,0,0,,0,0,,25.2,280,1013,50,10,125.7,0.5,1,,Partially cloudy,partly-cloudy-day,"UCFM,38353199999"
Bishkek,2021-06-05T02:00:00,24,24,9,38.49,0,0,,0,0,,25.2,120,1011,0,10,0,,0,,Clear,clear-night,"UCFM,38353199999"
Bishkek,2021-06-05T04:00:00,24,24,8,35.97,0,0,,0,0,50.4,32.4,120,1009,0,10,0,,0,,Clear,clear-night,"UCFM,38353199999"
Bishkek,2021-06-05T05:00:00,24,24,8,35.97,0,0,,0,0,,28.8,130,1009,50,10,7.1,0,0,,Partially cloudy,partly-cloudy-night,"UCFM,38353199999"
Bishkek,2021-06-05T07:00:00,26,26,8,31.93,0,0,,0,0,,21.6,110,1009,50,10,305.9,1.1,3,,Partially cloudy,partly-cloudy-day,"UCFM,38353199999"
Bishkek,2021-06-05T08:00:00,26,26,10,36.54,0,0,,0,0,,25.2,80,1010,50,10,506.1,1.8,5,,Partially cloudy,partly-cloudy-day,"UCFM,38353199999"
Bishkek,2021-06-05T09:00:00,26.5,26.5,9.5,34.31,0,0,,0,0,,21.1,61,1009.6,52.7,15.4,691,2.5,7,,Partially cloudy,partly-cloudy-day,"UCFM,36911099999,38353199999,38229099999"
Bishkek,2021-06-05T10:00:00,29,28,11,32.77,0,0,,0,0,,25.2,60,1010,50,10,840.8,3,8,,Partially cloudy,partly-cloudy-day,"UCFM,38353199999"
Bishkek,2021-06-05T11:00:00,31,29.7,11,29.21,0,0,,0,0,,21.6,60,1010,27.5,10,929.5,3.3,9,,Partially cloudy,partly-cloudy-day,"UCFM,38353199999"
Bishkek,2021-06-05T13:00:00,34,32.3,10,23.07,0,0,,0,0,39.6,21.6,250,1009,27.5,10,933.3,3.4,9,,Partially cloudy,partly-cloudy-day,"UCFM,38353199999"
Bishkek,2021-06-05T14:00:00,35,33.1,9,20.41,0,0,,0,0,,25.2,280,1009,27.5,10,910.3,3.3,9,,Partially cloudy,partly-cloudy-day,"UCFM,38353199999"
Bishkek,2021-06-05T16:00:00,35,32.8,7,17.81,0,0,,0,0,,28.8,290,1009,27.5,10,654.5,2.4,7,,Partially cloudy,partly-cloudy-day,"UCFM,38353199999"
Bishkek,2021-06-05T17:00:00,35,32.9,8,19.07,0,0,,0,0,,28.8,330,1009,42.7,10,447.5,1.6,4,,Partially cloudy,partly-cloudy-day,"UCFM,38353199999"
Bishkek,2021-06-05T19:00:00,33,30.9,7,19.92,0,0,,0,0,,21.6,320,1009,3,10,126.6,0.5,1,,Clear,clear-day,"UCFM,38353199999"
Bishkek,2021-06-05T20:00:00,28,27.3,11,34.73,0,0,,0,0,,28.8,50,1010,2.3,10,11.2,0,0,,Clear,clear-day,"UCFM,38353199999"
Bishkek,2021-06-06T11:00:00,28,27.3,11,34.73,0,0,,0,0,,21.6,40,1009,16.2,10,819.3,2.9,8,,Clear,clear-day,"UCFM,38353199999"
Bishkek,2021-06-06T13:00:00,31,29.4,9,25.55,0,0,,0,0,,28.8,30,1008,8.4,10,949.5,3.4,9,,Clear,clear-day,"UCFM,38353199999"
Bishkek,2021-06-06T14:00:00,32,30.1,8,22.56,0,0,,0,0,,28.8,40,1008,9.4,10,898.5,3.2,9,,Clear,clear-day,"UCFM,38353199999"
Bishkek,2021-06-06T16:00:00,32,30,7,21.07,0,0,,0,0,,21.6,40,1007,50,10,629.8,2.3,6,,Partially cloudy,partly-cloudy-day,"UCFM,38353199999"
Bishkek,2021-06-07T01:00:00,21,21,14,64.29,0,0,,0,0,61.2,39.6,250,1010,89,10,0,,0,,Partially cloudy,partly-cloudy-night,"UCFM,38353199999"
Bishkek,2021-06-07T02:00:00,22,22,13,56.66,0,0,,0,0,46.8,28.8,220,1009,89,10,0,,0,,Partially cloudy,partly-cloudy-night,"UCFM,38353199999"
Bishkek,2021-06-07T07:00:00,24,24,11,44,0,0,,0,0,,25.2,130,1005,16,10,293.6,1.1,3,,Clear,clear-day,"UCFM,38353199999"
Bishkek,2021-06-07T08:00:00,26,26,12,41.73,0,0,,0,0,,21.6,120,1005,19.8,10,469.3,1.7,5,,Clear,clear-day,"UCFM,38353199999"
Bishkek,2021-06-07T09:00:00,27.6,27.1,11,35.66,0,0,,0,0,,23.5,105,1004.5,80,15.4,578.3,2.1,6,,Partially cloudy,partly-cloudy-day,"UCFM,36911099999,38353199999,38229099999"
Bishkek,2021-06-07T14:00:00,36,33.7,6,15.74,0,0,,0,0,43.2,25.2,310,1005,43.1,10,709.5,2.6,7,,Partially cloudy,partly-cloudy-day,"UCFM,38353199999"
Bishkek,2021-06-07T20:00:00,31,29.2,7,22.3,0,0,,0,0,,28.8,190,1004,89,10,12.2,0,0,,Partially cloudy,partly-cloudy-day,"UCFM,38353199999"
Bishkek,2021-06-07T22:00:00,30,28.4,7,23.62,0,0,,0,0,,28.8,230,1006,89,10,0,,0,,Partially cloudy,partly-cloudy-night,"UCFM,38353199999"
Bishkek,2021-06-08T13:00:00,31,29.3,8,23.88,0,0,,0,0,,25.2,230,1009,27.5,10,449.3,1.6,4,,Partially cloudy,partly-cloudy-day,"UCFM,38353199999"
Bishkek,2021-06-08T14:00:00,30,28.8,11,30.93,0,0,,0,0,,21.6,190,1008,27.5,10,467.8,1.7,5,,Partially cloudy,partly-cloudy-day,"UCFM,38353199999"
Bishkek,2021-06-08T19:00:00,28,27.3,11,34.73,0,0,,0,0,75.6,21.6,210,1009,89,9,42.1,0.2,0,,Partially cloudy,partly-cloudy-day,"UCFM,38353199999"
Bishkek,2021-06-09T00:00:00,24.4,24.4,7.6,34.09,0.007,100,rain,0,0,64.8,26.6,317,1008.7,74.1,9.4,0,,0,,"Rain, Partially cloudy",rain,"38353099999,UCFM,36911099999,38353199999,38229099999"
Bishkek,2021-06-09T08:00:00,25,25,9,36.26,0,0,,0,0,,21.6,120,1010,50,10,396.4,1.4,4,,Partially cloudy,partly-cloudy-day,"UCFM,38353199999"
Bishkek,2021-06-09T19:00:00,30,28.5,8,25.29,0,0,,0,0,,25.2,220,1008,50,10,52.2,0.2,1,,Partially cloudy,partly-cloudy-day,"UCFM,38353199999"
Bishkek,2021-06-09T21:00:00,26,26,8.8,33.56,0,0,,0,0,54,32.6,223,1009.5,54.8,12.2,0,,0,,Partially cloudy,partly-cloudy-night,"UCFM,36911099999,38353199999,38229099999"
Bishkek,2021-06-09T22:00:00,25,25,9,36.26,0,0,,0,0,,36,180,1010,50,10,0,,0,,Partially cloudy,partly-cloudy-night,"UCFM,38353199999"
Bishkek,2021-06-10T08:00:00,22,22,6,35.4,0,0,,0,0,,28.8,260,1009,27.5,10,471.5,1.7,5,,Partially cloudy,partly-cloudy-day,"UCFM,38353199999"
Bishkek,2021-06-10T11:00:00,26,26,8,31.93,0,0,,0,0,,21.6,250,1009,27.5,10,805.8,2.9,8,,Partially cloudy,partly-cloudy-day,"UCFM,38353199999"
Bishkek,2021-06-10T13:00:00,29,27.6,7,25.02,0,0,,0,0,,21.6,260,1008,48.6,10,735.8,2.6,7,,Partially cloudy,partly-cloudy-day,"UCFM,38353199999"
Bishkek,2021-06-10T16:00:00,28,26.9,7,26.52,0,0,,0,0,,21.6,230,1009,89,10,278.8,1,3,,Partially cloudy,partly-cloudy-day,"UCFM,38353199999"
Bishkek,2021-06-10T17:00:00,26,26,9,34.17,0,0,,0,0,,21.6,250,1010,89,10,204.1,0.7,2,,Partially cloudy,partly-cloudy-day,"UCFM,38353199999"
Bishkek,2021-06-11T19:00:00,24,24,9,38.49,0.1,100,rain,0,0,,28.8,230,1010,50,10,41.4,0.1,0,,"Rain, Partially cloudy",rain,"UCFM,38353199999"
Bishkek,2021-06-12T11:00:00,28,27.1,9,30.38,0,0,,0,0,,25.2,40,1009,47.6,10,747,2.7,7,,Partially cloudy,partly-cloudy-day,"UCFM,38353199999"
Bishkek,2021-06-12T13:00:00,30,28.4,7,23.62,0,0,,0,0,,21.6,20,1009,50,10,756.8,2.7,8,,Partially cloudy,partly-cloudy-day,"UCFM,38353199999"
Bishkek,2021-06-12T17:00:00,26,26,10,36.54,0,0,,0,0,,25.2,240,1009,50,10,170.7,0.6,2,,Partially cloudy,partly-cloudy-day,"UCFM,38353199999"
Bishkek,2021-06-12T21:00:00,21.8,21.8,9.6,45.77,0,0,,0,0,,24.9,96,1010.7,54.8,13.4,0,,0,,Partially cloudy,partly-cloudy-night,"UCFM,36911099999,38353199999,38229099999"
Bishkek,2021-06-12T22:00:00,21,21,10,49.4,0,0,,0,0,,21.6,90,1011,50,10,0,,0,,Partially cloudy,partly-cloudy-night,"UCFM,38353199999"
Bishkek,2021-06-13T01:00:00,20,20,-1,24.34,0,0,,0,0,,28.8,60,1011,50,10,0,,0,,Partially cloudy,partly-cloudy-night,"UCFM,38353199999"
Bishkek,2021-06-13T02:00:00,19,19,-1,25.9,0,0,,0,0,,25.2,60,1011,50,10,0,,0,,Partially cloudy,partly-cloudy-night,"UCFM,38353199999"
Bishkek,2021-06-13T03:00:00,15.8,15.8,9.5,66.19,0,0,,0,0,,24.2,63,1011.1,34,9.4,0,,0,,Partially cloudy,partly-cloudy-night,"38353099999,UCFM,36911099999,38353199999,38229099999"
Bishkek,2021-06-13T04:00:00,17,17,-1,29.37,0,0,,0,0,,25.2,60,1011,50,10,0,,0,,Partially cloudy,partly-cloudy-night,"UCFM,38353199999"
Bishkek,2021-06-13T05:00:00,16,16,0,33.67,0,0,,0,0,,21.6,60,1012,27.5,10,7.3,0,0,,Partially cloudy,partly-cloudy-night,"UCFM,38353199999"
Bishkek,2021-06-13T07:00:00,18,18,0,29.66,0,0,,0,0,,25.2,60,1012,91.2,10,232.8,0.8,2,,Overcast,cloudy,"UCFM,38353199999"
Bishkek,2021-06-13T08:00:00,19,19,0,27.86,0,0,,0,0,,32.4,60,1012,69.3,10,422.1,1.5,4,,Partially cloudy,partly-cloudy-day,"UCFM,38353199999"
Bishkek,2021-06-13T09:00:00,19.5,19.5,-0.2,26.75,0,0,,0,0,,24.9,51,1012.6,80,15.4,615,2.2,6,,Partially cloudy,partly-cloudy-day,"UCFM,36911099999,38353199999,38229099999"
Bishkek,2021-06-13T10:00:00,22,22,0,23.15,0,0,,0,0,,28.8,60,1013,18,10,740,2.7,7,,Clear,clear-day,"UCFM,38353199999"
Bishkek,2021-06-13T11:00:00,24,24,-1,19.07,0,0,,0,0,,28.8,50,1013,22,10,811.8,2.9,8,,Partially cloudy,partly-cloudy-day,"UCFM,38353199999"
Bishkek,2021-06-13T17:00:00,27,25.9,-4,12.78,0,0,,0,0,,21.6,10,1013,85.7,10,471.8,1.7,5,,Partially cloudy,partly-cloudy-day,"UCFM,38353199999"
Bishkek,2021-06-13T19:00:00,25,25,-2,16.69,0,0,,0,0,,25.2,50,1013,38.2,10,128.7,0.5,1,,Partially cloudy,partly-cloudy-day,"UCFM,38353199999"
Bishkek,2021-06-13T20:00:00,24,24,-2,17.72,0,0,,0,0,,28.8,50,1014,6.7,10,15.2,0.1,0,,Clear,clear-day,"UCFM,38353199999"
Bishkek,2021-06-13T22:00:00,21,21,-5,17,0,0,,0,0,,36,60,1014,0.4,10,0,,0,,Clear,clear-night,"UCFM,38353199999"
Bishkek,2021-06-13T23:00:00,20,20,-5,18.08,0,0,,0,0,61.2,43.2,60,1014,0.1,10,0,,0,,Clear,clear-night,"UCFM,38353199999"
Bishkek,2021-06-14T00:00:00,15.8,15.8,1.7,38.49,0,0,,0,0,,20.4,89,1014.6,30,9.4,0,,0,,Partially cloudy,partly-cloudy-night,"38353099999,UCFM,36911099999,38353199999,38229099999"
Bishkek,2021-06-14T10:00:00,23,23,0,21.79,0,0,,0,0,,21.6,60,1013,1.6,10,873,3.1,9,,Clear,clear-day,"UCFM,38353199999"
Bishkek,2021-06-14T11:00:00,25,25,0,19.32,0,0,,0,0,,25.2,40,1013,3.2,10,978.3,3.5,10,,Clear,clear-day,"UCFM,38353199999"
Bishkek,2021-06-14T16:00:00,27,25.9,-3,13.77,0,0,,0,0,,28.8,30,1012,18.5,10,673.5,2.4,7,,Clear,clear-day,"UCFM,38353199999"
Bishkek,2021-06-14T17:00:00,27,25.9,-3,13.77,0,0,,0,0,,28.8,40,1012,6.7,10,532,1.9,5,,Clear,clear-day,"UCFM,38353199999"
Bishkek,2021-06-14T19:00:00,26,26,-3,14.61,0,0,,0,0,,25.2,40,1012,6,10,158,0.6,2,,Clear,clear-day,"UCFM,38353199999"
Bishkek,2021-06-14T20:00:00,25,25,-5,13.34,0,0,,0,0,,21.6,40,1012,10.7,10,16.8,0.1,0,,Clear,clear-day,"UCFM,38353199999"
Bishkek,2021-06-14T22:00:00,22,22,-6,14.82,0,0,,0,0,,25.2,60,1013,10.3,10,0,,0,,Clear,clear-night,"UCFM,38353199999"
Bishkek,2021-06-15T01:00:00,18,18,-4,22.09,0,0,,0,0,,21.6,70,1012,8.5,10,0,,0,,Clear,clear-night,"UCFM,38353199999"
Bishkek,2021-06-21T16:00:00,29,27.4,3,18.94,0,0,,0,0,,21.6,260,1010,45.6,10,623.5,2.2,6,,Partially cloudy,partly-cloudy-day,"UCFM,38353199999"
Bishkek,2021-06-21T17:00:00,29,27.5,4,20.32,0,0,,0,0,,25.2,240,1010,49.3,10,427.1,1.5,4,,Partially cloudy,partly-cloudy-day,"UCFM,38353199999"
Bishkek,2021-06-21T19:00:00,29,27.5,4,20.32,0,0,,0,0,,25.2,230,1010,50,10,129.3,0.5,1,,Partially cloudy,partly-cloudy-day,"UCFM,38353199999"
Bishkek,2021-06-22T05:00:00,17,17,11,67.77,0,0,,0,0,,21.6,260,1013,89,10,11.1,0,0,,Partially cloudy,partly-cloudy-night,"UCFM,38353199999"
Bishkek,2021-06-22T07:00:00,16,16,4,44.79,0,0,,0,0,,25.2,240,1015,50,10,329.3,1.2,3,,Partially cloudy,partly-cloudy-day,"UCFM,38353199999"
Bishkek,2021-06-22T08:00:00,17,17,6,48.31,0,0,,0,0,,21.6,230,1015,50,10,528,1.9,5,,Partially cloudy,partly-cloudy-day,"UCFM,38353199999"
Bishkek,2021-06-22T09:00:00,19,19,6.8,45.06,0,0,,0,0,,20.3,251,1015.8,50.7,12.9,708.8,2.6,7,,Partially cloudy,partly-cloudy-day,"UCFM,36911099999,38353199999"
Bishkek,2021-06-24T16:00:00,31,29,3,16.88,0,0,,0,0,,21.6,240,1007,50,10,549.8,2,5,,Partially cloudy,partly-cloudy-day,"UCFM,38353199999"
Bishkek,2021-06-24T19:00:00,29,27.5,5,21.79,0,0,,0,0,61.2,36,300,1008,89,9,73.4,0.3,1,,Partially cloudy,partly-cloudy-day,"UCFM,38353199999"
Bishkek,2021-06-24T21:00:00,22.3,22.3,10.9,48.67,0,0,,0,0,,20.8,333,1011.2,89.8,10.7,0,,0,,Partially cloudy,partly-cloudy-night,"UCFM,36911099999,38353199999"
Bishkek,2021-06-25T16:00:00,27,26.6,10,34.45,0,0,,0,0,,21.6,310,1010,27.5,10,376.9,1.4,4,,Partially cloudy,partly-cloudy-day,"UCFM,38353199999"
Bishkek,2021-06-25T17:00:00,25,25,8,33.88,0,0,,0,0,,21.6,310,1010,50,10,232.4,0.8,2,,Partially cloudy,partly-cloudy-day,"UCFM,38353199999"
Bishkek,2021-06-27T03:00:00,16,16,7,54.91,0,0,,0,0,,20.6,61,1012.7,30,9.4,0,,0,,Partially cloudy,partly-cloudy-night,"38353099999,UCFM,36911099999,38353199999,38229099999"
Bishkek,2021-06-30T01:00:00,24,24,8,35.97,0,0,,0,0,,21.6,120,1009,0,10,0,,0,,Clear,clear-night,"UCFM,38353199999"
Bishkek,2021-06-30T08:00:00,25,25,8,33.88,0,0,,0,0,,21.6,90,1009,1.9,10,520,1.9,5,,Clear,clear-day,"UCFM,38353199999"
Bishkek,2021-06-30T22:00:00,31,29,3,16.88,0,0,,0,0,,21.6,40,1008,6.1,10,0,,0,,Clear,clear-night,"UCFM,38353199999"
Bishkek,2021-06-30T23:00:00,28,26.7,3,20.07,0,0,,0,0,,21.6,60,1008,4.9,10,0,,0,,Clear,clear-night,"UCFM,38353199999"
Bishkek,2021-07-01T21:00:00,30.2,28.4,4.3,19.4,0,0,,0,0,,21.1,53,1002.1,98.8,15.4,0,,0,,Overcast,cloudy,"38353099999,UCFM,36911099999,38353199999,38229099999"
Bishkek,2021-07-01T23:00:00,29,27.4,0,15.28,0,0,,0,0,,21.6,60,1006,85.4,10,0,,0,,Partially cloudy,partly-cloudy-night,"UCFM,38353199999"
Bishkek,2021-07-02T00:00:00,24.1,24.1,2.6,24.55,0,0,,0,0,,20.1,79,1004,30.6,9.4,0,,0,,Partially cloudy,partly-cloudy-night,"38353099999,UCFM,36911099999,38353199999,38229099999"
Bishkek,2021-07-03T16:00:00,32,31.3,14,33.6,0,0,,0,0,,21.6,210,1003,50,10,268.1,1,3,,Partially cloudy,partly-cloudy-day,"UCFM,38353199999"
Bishkek,2021-07-03T17:00:00,32,30.6,11,27.6,0,0,,0,0,,21.6,210,1004,50,10,275.1,1,3,,Partially cloudy,partly-cloudy-day,"UCFM,38353199999"
Bishkek,2021-07-04T16:00:00,32,30.6,11,27.6,0,0,,0,0,,50.4,270,1005,89,6,436.6,1.6,4,,Partially cloudy,wind,"UCFM,38353199999"
Bishkek,2021-07-04T17:00:00,31,29.7,11,29.21,0,0,,0,0,,36,280,1005,89,10,273.1,1,3,,Partially cloudy,partly-cloudy-day,"UCFM,38353199999"
Bishkek,2021-07-05T10:00:00,31,29.8,12,31.21,0,0,,0,0,,21.6,90,1004,9.4,10,833.8,3,8,,Clear,clear-day,"UCFM,38353199999"
Bishkek,2021-07-06T10:00:00,30,29,12,33.05,0,0,,0,0,,36,250,1005,50,10,311.3,1.1,3,,Partially cloudy,partly-cloudy-day,"UCFM,38353199999"
Bishkek,2021-07-06T11:00:00,32,30.6,11,27.6,0,0,,0,0,,28.8,260,1006,50,10,335.4,1.2,3,,Partially cloudy,partly-cloudy-day,"UCFM,38353199999"
Bishkek,2021-07-08T05:00:00,24,24,10,41.17,0,0,,0,0,,21.6,110,1008,0,10,8.8,0,0,,Clear,clear-night,"UCFM,38353199999"
Bishkek,2021-07-08T07:00:00,26,26,11,39.06,0,0,,0,0,,21.6,120,1008,0,9,320.9,1.2,3,,Clear,clear-day,"UCFM,38353199999"
Bishkek,2021-07-09T04:00:00,28,26.9,7,26.52,0,0,,0,0,,21.6,120,1004,27.6,10,0,,0,,Partially cloudy,partly-cloudy-night,"UCFM,38353199999"
Bishkek,2021-07-09T05:00:00,29,27.6,7,25.02,0,0,,0,0,,25.2,120,1003,41.7,10,6.3,0,0,,Partially cloudy,partly-cloudy-night,"UCFM,38353199999"
Bishkek,2021-07-09T06:00:00,25.9,25.9,5.6,27.1,0,0,,0,0,,22.4,255,1001.8,30.1,19.2,98.4,0.4,1,,Partially cloudy,partly-cloudy-day,"38353099999,UCFM,36911099999,38353199999,38229099999"
Bishkek,2021-07-09T07:00:00,25,25,11,41.45,0,0,,0,0,,28.8,230,1005,6,10,294.8,1.1,3,,Clear,clear-day,"UCFM,38353199999"
Bishkek,2021-07-09T08:00:00,26,26,13,44.56,0,0,,0,0,,28.8,250,1006,12.6,10,493.5,1.8,5,,Clear,clear-day,"UCFM,38353199999"
Bishkek,2021-07-09T09:00:00,30.2,28.9,10.5,29.55,0,0,,0,0,,23.3,269,1003.3,49.6,19.2,671.5,2.4,7,,Partially cloudy,partly-cloudy-day,"38353099999,UCFM,36911099999,38353199999,38229099999"
Bishkek,2021-07-09T22:00:00,30,29.4,14,37.66,0,0,,0,0,,32.4,330,1004,50,5,0,,0,,Partially cloudy,partly-cloudy-night,"UCFM,38353199999"
Bishkek,2021-07-09T23:00:00,27,27.1,14,44.83,0,0,,0,0,,21.6,220,1004,50,9,0,,0,,Partially cloudy,partly-cloudy-night,"UCFM,38353199999"
Bishkek,2021-07-10T17:00:00,33,31.3,10,24.4,0,0,,0,0,39.6,21.6,300,1003,50,10,327.3,1.2,3,,Partially cloudy,partly-cloudy-day,"UCFM,38353199999"
Bishkek,2021-07-11T13:00:00,29,27.8,9,28.66,0,0,,0,0,,21.6,270,1008,27.5,10,484.6,1.7,5,,Partially cloudy,partly-cloudy-day,"UCFM,38353199999"
Bishkek,2021-07-11T14:00:00,29,27.9,10,30.66,0,0,,0,0,,21.6,300,1009,27.5,10,456.9,1.6,5,,Partially cloudy,partly-cloudy-day,"UCFM,38353199999"
Bishkek,2021-07-11T16:00:00,29,28,11,32.77,0,0,,0,0,,25.2,290,1009,50,10,332.4,1.2,3,,Partially cloudy,partly-cloudy-day,"UCFM,38353199999"
Bishkek,2021-07-11T17:00:00,29,27.9,10,30.66,0,0,,0,0,,21.6,290,1009,50,10,237.7,0.9,2,,Partially cloudy,partly-cloudy-day,"UCFM,38353199999"
Bishkek,2021-07-16T11:00:00,24,24,16,60.93,0,0,,0,0,,21.6,210,1013,50,10,573,2.1,6,,Partially cloudy,partly-cloudy-day,"UCFM,38353199999"
Bishkek,2021-07-18T17:00:00,34,31.7,5,16.4,0,0,,0,0,,21.6,310,1008,89.3,10,211.4,0.8,2,,Partially cloudy,partly-cloudy-day,"UCFM,38353199999"
Bishkek,2021-07-21T15:00:00,27.8,27,8.7,30.06,0,0,,0,0,57.6,27.1,208,999.7,98.1,10.6,433.1,1.6,4,,Overcast,cloudy,"38353099999,UCFM,36911099999,38353199999,38229099999"
Bishkek,2021-07-21T16:00:00,27,27,13,42.01,0,0,,0,0,,32.4,260,1004,89,10,302.1,1.1,3,,Partially cloudy,partly-cloudy-day,"UCFM,38353199999"
Bishkek,2021-07-22T02:00:00,22,22,13,56.66,0,0,,0,0,,21.6,130,1002,89,10,0,,0,,Partially cloudy,partly-cloudy-night,"UCFM,38353199999"
Bishkek,2021-07-25T19:00:00,38,35.6,6,14.11,0,0,,0,0,,21.6,300,1008,0,10,115.3,0.4,1,,Clear,clear-day,"UCFM,38353199999"
Bishkek,2021-07-27T02:00:00,27,26.6,10,34.45,0,0,,0,0,,21.6,250,1005,0,10,0,,0,,Clear,clear-night,"UCFM,38353199999"
Bishkek,2021-07-27T05:00:00,24,24,11,44,0,0,,0,0,,21.6,240,1005,0,10,1.5,0,0,,Clear,clear-night,"UCFM,38353199999"
Bishkek,2021-07-27T07:00:00,23,23,12,49.93,0,0,,0,0,,25.2,250,1007,0,10,281.3,1,3,,Clear,clear-day,"UCFM,38353199999"
Bishkek,2021-07-27T08:00:00,24,24,14,53.58,0,0,,0,0,,25.2,250,1008,0,10,480.4,1.7,5,,Clear,clear-day,"UCFM,38353199999"
Bishkek,2021-07-27T09:00:00,26,26,11.6,40.58,0,0,,0,0,43.2,25.3,270,1006.1,10.7,19.2,664.8,2.4,7,,Clear,clear-day,"38353099999,UCFM,36911099999,38353199999,38229099999"
Bishkek,2021-07-27T10:00:00,27,27.5,16,50.99,0,0,,0,0,,28.8,240,1009,1.1,10,816.8,2.9,8,,Clear,clear-day,"UCFM,38353199999"
Bishkek,2021-07-27T11:00:00,28,28.3,16,48.09,0,0,,0,0,,28.8,250,1008,7.8,10,922.3,3.3,9,,Clear,clear-day,"UCFM,38353199999"
Bishkek,2021-07-27T13:00:00,32,31.3,14,33.6,0,0,,0,0,,21.6,310,1007,20.6,10,951.5,3.4,10,,Partially cloudy,partly-cloudy-day,"UCFM,38353199999"
Bishkek,2021-07-27T16:00:00,34,33.3,14,30.03,0,0,,0,0,,25.2,280,1006,58.4,10,451.8,1.6,5,,Partially cloudy,partly-cloudy-day,"UCFM,38353199999"
Bishkek,2021-07-27T17:00:00,34,33,13,28.13,0,0,,0,0,,28.8,280,1006,58.5,10,289.3,1,3,,Partially cloudy,partly-cloudy-day,"UCFM,38353199999"
Bishkek,2021-07-27T19:00:00,32,30.6,11,27.6,0,0,,0,0,,25.2,300,1005,50.4,10,62.6,0.2,1,,Partially cloudy,partly-cloudy-day,"UCFM,38353199999"
Bishkek,2021-07-27T20:00:00,30,28.7,10,28.94,0,0,,0,0,,21.6,290,1006,46.5,10,1.7,0,0,,Partially cloudy,partly-cloudy-day,"UCFM,38353199999"
Bishkek,2021-07-27T23:00:00,28,27,8,28.39,0,0,,0,0,,21.6,360,1006,8,10,0,,0,,Clear,clear-night,"UCFM,38353199999"
Bishkek,2021-07-28T04:00:00,20,20,10,52.54,0,0,,0,0,,21.6,240,1005,0,10,0,,0,,Clear,clear-night,"UCFM,38353199999"
Bishkek,2021-07-28T05:00:00,20,20,9,49.13,0,0,,0,0,,21.6,230,1005,0,10,1.2,0,0,,Clear,clear-night,"UCFM,38353199999"
Bishkek,2021-07-28T07:00:00,20,20,9,49.13,0,0,,0,0,,21.6,240,1006,0,10,268.8,1,3,,Clear,clear-day,"UCFM,38353199999"
Bishkek,2021-07-29T02:00:00,24,24,4,27.29,0,0,,0,0,,21.6,60,1003,0,10,0,,0,,Clear,clear-night,"UCFM,38353199999"
Bishkek,2021-07-30T04:00:00,23,23,7,35.69,0,0,,0,0,,21.6,290,1005,50,10,0,,0,,Partially cloudy,partly-cloudy-night,"UCFM,38353199999"
Bishkek,2021-07-30T05:00:00,24,24,4,27.29,0,0,,0,0,61.2,43.2,250,1007,89,4,0.7,0,0,,Partially cloudy,partly-cloudy-night,"UCFM,38353199999"
Bishkek,2021-07-30T06:00:00,22.3,22.3,5.6,33.92,0,0,,0,0,61.2,36,258,1007.1,98.3,9.8,75.5,0.3,1,,Overcast,cloudy,"38353099999,UCFM,36911099999,38353199999,38229099999"
Bishkek,2021-07-30T07:00:00,22,22,3,28.71,0,0,,0,0,,39.6,250,1010,89,10,222.6,0.8,2,,Partially cloudy,partly-cloudy-day,"UCFM,38353199999"
Bishkek,2021-07-30T08:00:00,23,23,3,27.01,0,0,,0,0,,21.6,350,1012,89,10,374.4,1.3,4,,Partially cloudy,partly-cloudy-day,"UCFM,38353199999"
Bishkek,2021-07-30T09:00:00,22.8,22.8,6.4,34.63,0,0,,0,0,75.6,25.5,332,1010.7,98.3,18.4,460.5,1.7,5,,Overcast,cloudy,"38353099999,UCFM,36911099999,38353199999,38229099999"
Bishkek,2021-07-30T10:00:00,22,22,7,37.92,0,0,,0,0,,21.6,100,1012,89,10,589.8,2.1,6,,Partially cloudy,partly-cloudy-day,"UCFM,38353199999"
Bishkek,2021-07-30T11:00:00,24,24,8,35.97,0,0,,0,0,,21.6,140,1012,89,10,682.5,2.5,7,,Partially cloudy,partly-cloudy-day,"UCFM,38353199999"
Bishkek,2021-07-30T14:00:00,26,26,6,27.84,0,0,,0,0,,25.2,100,1012,50,10,697.5,2.5,7,,Partially cloudy,partly-cloudy-day,"UCFM,38353199999"
Bishkek,2021-07-30T16:00:00,28,27,8,28.39,0,0,,0,0,,21.6,110,1011,34.2,10,506.6,1.8,5,,Partially cloudy,partly-cloudy-day,"UCFM,38353199999"
Bishkek,2021-07-31T08:00:00,21,21,9,46.19,0,0,,0,0,,21.6,90,1012,0,10,485.6,1.7,5,,Clear,clear-day,"UCFM,38353199999"
Bishkek,2021-07-31T17:00:00,33,30.7,4,16.18,0,0,,0,0,,21.6,20,1009,0.7,10,498.8,1.8,5,,Clear,clear-day,"UCFM,38353199999"
Bishkek,2021-07-31T19:00:00,31,29.1,5,19.43,0,0,,0,0,,32.4,40,1009,59.9,10,96.5,0.3,1,,Partially cloudy,partly-cloudy-day,"UCFM,38353199999"
Bishkek,2021-07-31T20:00:00,30,28.2,4,19.18,0,0,,0,0,,28.8,40,1009,87.6,10,1.6,0,0,,Partially cloudy,partly-cloudy-day,"UCFM,38353199999"
Bishkek,2021-07-31T22:00:00,27,26.1,3,21.28,0,0,,0,0,,21.6,50,1009,53.2,10,0,,0,,Partially cloudy,partly-cloudy-night,"UCFM,38353199999"
Bishkek,2021-07-31T23:00:00,25,25,4,25.7,0,0,,0,0,,21.6,60,1009,55.9,10,0,,0,,Partially cloudy,partly-cloudy-night,"UCFM,38353199999"
Bishkek,2021-08-01T01:00:00,24,24,3,25.43,0,0,,0,0,,21.6,50,1008,49.2,10,0,,0,,Partially cloudy,partly-cloudy-night,"UCFM,38353199999"
Bishkek,2021-08-01T02:00:00,24,24,3,25.43,0,0,,0,0,,21.6,50,1008,80.5,10,0,,0,,Partially cloudy,partly-cloudy-night,"UCFM,38353199999"
Bishkek,2021-08-01T03:00:00,20.1,20.1,5.3,37.85,0,0,,0,0,,31.6,61,1007.1,90.9,9.4,0,,0,,Overcast,cloudy,"38353099999,UCFM,36911099999,38353199999,38229099999"
Bishkek,2021-08-01T04:00:00,22,22,2,26.74,0,0,,0,0,,21.6,60,1008,90.4,10,0,,0,,Overcast,cloudy,"UCFM,38353199999"
Bishkek,2021-08-01T05:00:00,22,22,2,26.74,0,0,,0,0,,21.6,60,1008,90.5,10,0.4,0,0,,Overcast,cloudy,"UCFM,38353199999"
Bishkek,2021-08-01T14:00:00,34,31.7,5,16.4,0,0,,0,0,,25.2,10,1006,59.1,10,890,3.2,9,,Partially cloudy,partly-cloudy-day,"UCFM,38353199999"
Bishkek,2021-08-01T17:00:00,34,31.6,4,15.29,0,0,,0,0,,25.2,360,1006,27.5,10,279,1,3,,Partially cloudy,partly-cloudy-day,"UCFM,38353199999"
Bishkek,2021-08-02T14:00:00,30,28.7,10,28.94,0,0,,0,0,,21.6,230,1008,50,10,378.8,1.4,4,,Partially cloudy,partly-cloudy-day,"UCFM,38353199999"
Bishkek,2021-08-02T16:00:00,30,28.5,8,25.29,0,0,,0,0,,21.6,220,1007,50,10,297,1.1,3,,Partially cloudy,partly-cloudy-day,"UCFM,38353199999"
Bishkek,2021-08-02T17:00:00,30,28.6,9,27.06,0,0,,0,0,,25.2,230,1007,50,10,215.3,0.8,2,,Partially cloudy,partly-cloudy-day,"UCFM,38353199999"
Bishkek,2021-08-02T19:00:00,29,27.8,9,28.66,0,0,,0,0,,28.8,230,1008,50,10,38.7,0.1,0,,Partially cloudy,partly-cloudy-day,"UCFM,38353199999"
Bishkek,2021-08-05T13:00:00,33,31.2,9,22.82,0,0,,0,0,,21.6,290,1009,54.7,10,843.8,3,8,,Partially cloudy,partly-cloudy-day,"UCFM,38353199999"
Bishkek,2021-08-05T14:00:00,34,32.1,9,21.57,0,0,,0,0,,21.6,290,1008,40.5,10,797.3,2.9,8,,Partially cloudy,partly-cloudy-day,"UCFM,38353199999"
Bishkek,2021-08-05T16:00:00,35,32.8,7,17.81,0,0,,0,0,,25.2,280,1008,56.3,10,420.5,1.5,4,,Partially cloudy,partly-cloudy-day,"UCFM,38353199999"
Bishkek,2021-08-05T17:00:00,35,32.8,7,17.81,0,0,,0,0,,28.8,290,1008,73.5,10,248,0.9,2,,Partially cloudy,partly-cloudy-day,"UCFM,38353199999"
Bishkek,2021-08-07T19:00:00,34,31.8,6,17.58,0,0,,0,0,,21.6,270,1008,49,10,46.6,0.2,0,,Partially cloudy,partly-cloudy-day,"UCFM,38353199999"
Bishkek,2021-08-07T22:00:00,28,26.8,5,23.1,0,0,,0,0,,21.6,60,1010,14.6,10,0,,0,,Clear,clear-night,"UCFM,38353199999"
Bishkek,2021-08-08T08:00:00,25,25,9,36.26,0,0,,0,0,,21.6,120,1010,7,10,446.3,1.6,4,,Clear,clear-day,"UCFM,38353199999"
Bishkek,2021-08-08T15:00:00,35.7,33.4,6.7,16.79,0,0,,0,0,,23,57,1004.2,30.7,19.2,791.5,2.8,8,,Partially cloudy,partly-cloudy-day,"38353099999,UCFM,36911099999,38353199999,38229099999"
Bishkek,2021-08-08T16:00:00,37,34.5,5,13.9,0,0,,0,0,,21.6,250,1008,9.2,10,635.8,2.3,6,,Clear,clear-day,"UCFM,38353199999"
Bishkek,2021-08-09T10:00:00,28,27,8,28.39,0,0,,0,0,,25.2,240,1008,18.7,10,712,2.6,7,,Clear,clear-day,"UCFM,38353199999"
Bishkek,2021-08-09T11:00:00,29,27.7,8,26.79,0,0,,0,0,,25.2,250,1008,17.7,10,757,2.7,8,,Clear,clear-day,"UCFM,38353199999"
Bishkek,2021-08-09T14:00:00,32,30.4,10,25.82,0,0,,0,0,,21.6,310,1008,40.3,10,717.3,2.6,7,,Partially cloudy,partly-cloudy-day,"UCFM,38353199999"
Bishkek,2021-08-09T17:00:00,32,30.1,8,22.56,0,0,,0,0,,21.6,330,1009,63.7,10,251.3,0.9,3,,Partially cloudy,partly-cloudy-day,"UCFM,38353199999"
Bishkek,2021-08-12T17:00:00,33,31.2,9,22.82,0,0,,0,0,,21.6,310,1008,47.9,10,297.9,1.1,3,,Partially cloudy,partly-cloudy-day,"UCFM,38353199999"
Bishkek,2021-08-12T20:00:00,29,27.5,5,21.79,0,0,,0,0,,21.6,320,1009,50,10,0,,0,,Partially cloudy,partly-cloudy-day,"UCFM,38353199999"
Bishkek,2021-08-13T04:00:00,20,20,8,45.91,0,0,,0,0,,28.8,250,1009,50,10,0,,0,,Partially cloudy,partly-cloudy-night,"UCFM,38353199999"
Bishkek,2021-08-13T05:00:00,19,19,7,45.63,0,0,,0,0,,25.2,250,1010,50,10,0,,0,,Partially cloudy,partly-cloudy-night,"UCFM,38353199999"
Bishkek,2021-08-13T07:00:00,18,18,7,48.58,0,0,,0,0,,21.6,240,1010,0,10,230.3,0.8,2,,Clear,clear-day,"UCFM,38353199999"
Bishkek,2021-08-13T22:00:00,22,22,8,40.6,0,0,,0,0,,21.6,360,1012,50,10,0,,0,,Partially cloudy,partly-cloudy-night,"UCFM,38353199999"
Bishkek,2021-08-14T17:00:00,26,26,7,29.82,0,0,,0,0,,21.6,280,1008,50,10,195,0.7,2,,Partially cloudy,partly-cloudy-day,"UCFM,38353199999"
Bishkek,2021-08-14T21:00:00,20.6,20.6,9.8,49.87,0,0,,0,0,,20.8,208,1008.7,88.4,11.4,0,,0,,Partially cloudy,partly-cloudy-night,"UCFM,36911099999,38353199999,38229099999"
Bishkek,2021-08-15T02:00:00,19,19,10,55.91,0,0,,0,0,,25.2,130,1008,89,10,0,,0,,Partially cloudy,partly-cloudy-night,"UCFM,38353199999"
Bishkek,2021-08-15T14:00:00,17,17,12,72.4,0,0,,0,0,,21.6,110,1013,89,10,515,1.9,5,,Partially cloudy,partly-cloudy-day,"UCFM,38353199999"
Bishkek,2021-08-20T13:00:00,30,28.6,9,27.06,0,0,,0,0,,25.2,60,1010,65.9,10,615,2.2,6,,Partially cloudy,partly-cloudy-day,"UCFM,38353199999"
Bishkek,2021-08-20T14:00:00,29,27.8,9,28.66,0,0,,0,0,,25.2,50,1010,50,10,552.3,2,6,,Partially cloudy,partly-cloudy-day,"UCFM,38353199999"
Bishkek,2021-08-20T22:00:00,25,25,9,36.26,0,0,,0,0,,25.2,80,1012,86,10,0,,0,,Partially cloudy,partly-cloudy-night,"UCFM,38353199999"
Bishkek,2021-08-23T17:00:00,35,32.9,8,19.07,0,0,,0,0,,21.6,270,1009,45.8,10,284.1,1,3,,Partially cloudy,partly-cloudy-day,"UCFM,38353199999"
Bishkek,2021-08-23T19:00:00,31,29.5,10,27.33,0,0,,0,0,,21.6,260,1010,89,10,23.8,0.1,0,,Partially cloudy,partly-cloudy-day,"UCFM,38353199999"
Bishkek,2021-08-23T23:00:00,24,24,7,33.6,0,0,,0,0,,21.6,200,1011,89,10,0,,0,,Partially cloudy,partly-cloudy-night,"UCFM,38353199999"
Bishkek,2021-08-24T14:00:00,28,27.5,12,37.1,0,0,,0,0,,25.2,100,1013,50,10,586.5,2.1,6,,Partially cloudy,partly-cloudy-day,"UCFM,38353199999"
Bishkek,2021-08-24T15:00:00,29.6,28.2,8,25.91,0,0,,0,0,43.2,24.2,128,1009.2,60.7,19.2,492.4,1.8,5,,Partially cloudy,partly-cloudy-day,"38353099999,UCFM,36911099999,38353199999,38229099999"
Bishkek,2021-08-25T10:00:00,28,27.2,10,32.49,0,0,,0,0,,21.6,110,1011,17.2,10,648.8,2.3,6,,Clear,clear-day,"UCFM,38353199999"
Bishkek,2021-08-27T10:00:00,29,27.5,5,21.79,0,0,,0,0,,25.2,270,1008,89,10,464.5,1.7,5,,Partially cloudy,partly-cloudy-day,"UCFM,38353199999"
Bishkek,2021-08-27T16:00:00,30,28.5,8,25.29,0,0,,0,0,,25.2,210,1009,89,10,278.5,1,3,,Partially cloudy,partly-cloudy-day,"UCFM,38353199999"
Bishkek,2021-08-27T20:00:00,24,24,9,38.49,0,0,,0,0,,25.2,100,1010,50,10,0,,0,,Partially cloudy,partly-cloudy-night,"UCFM,38353199999"
Bishkek,2021-08-27T22:00:00,23,23,10,43.73,0,0,,0,0,,32.4,120,1010,50,10,0,,0,,Partially cloudy,partly-cloudy-night,"UCFM,38353199999"
Bishkek,2021-08-27T23:00:00,23,23,10,43.73,0,0,,0,0,,28.8,130,1010,50,10,0,,0,,Partially cloudy,partly-cloudy-night,"UCFM,38353199999"
Bishkek,2021-08-28T01:00:00,22,22,9,43.45,0,0,,0,0,,25.2,130,1009,50,10,0,,0,,Partially cloudy,partly-cloudy-night,"UCFM,38353199999"
Bishkek,2021-08-28T02:00:00,22,22,8,40.6,0,0,,0,0,,25.2,120,1009,50,10,0,,0,,Partially cloudy,partly-cloudy-night,"UCFM,38353199999"
Bishkek,2021-08-29T01:00:00,22,22,7,37.92,0,0,,0,0,,21.6,120,1008,50,10,0,,0,,Partially cloudy,partly-cloudy-night,"UCFM,38353199999"
Bishkek,2021-08-29T02:00:00,23,23,6,33.32,0,0,,0,0,,25.2,130,1007,50,10,0,,0,,Partially cloudy,partly-cloudy-night,"UCFM,38353199999"
Bishkek,2021-08-29T04:00:00,22,22,5,33.03,0,0,,0,0,,21.6,130,1007,27.5,10,0,,0,,Partially cloudy,partly-cloudy-night,"UCFM,38353199999"
Bishkek,2021-08-29T05:00:00,21,21,6,37.64,0,0,,0,0,,21.6,130,1007,27.5,10,0,,0,,Partially cloudy,partly-cloudy-night,"UCFM,38353199999"
Bishkek,2021-08-29T07:00:00,22,22,6,35.4,0,0,,0,0,,21.6,140,1007,27.5,10,125.7,0.5,1,,Partially cloudy,partly-cloudy-day,"UCFM,38353199999"
Bishkek,2021-08-29T08:00:00,23,23,6,33.32,0,0,,0,0,,21.6,130,1007,50,10,292.4,1.1,3,,Partially cloudy,partly-cloudy-day,"UCFM,38353199999"
Bishkek,2021-08-30T02:00:00,24,24,7,33.6,0,0,,0,0,,25.2,140,1007,82.7,10,0,,0,,Partially cloudy,partly-cloudy-night,"UCFM,38353199999"
Bishkek,2021-08-30T03:00:00,20.8,20.8,6.1,38.36,0,0,,0,0,,22.5,125,1006.2,27.5,9.4,0,,0,,Partially cloudy,partly-cloudy-night,"38353099999,UCFM,36911099999,38353199999,38229099999"
Bishkek,2021-08-30T04:00:00,23,23,6,33.32,0,0,,0,0,,21.6,140,1007,27.5,10,0,,0,,Partially cloudy,partly-cloudy-night,"UCFM,38353199999"
Bishkek,2021-08-30T05:00:00,23,23,6,33.32,0,0,,0,0,,21.6,130,1007,27.5,10,0,,0,,Partially cloudy,partly-cloudy-night,"UCFM,38353199999"
Bishkek,2021-08-30T08:00:00,25,25,7,31.65,0,0,,0,0,,21.6,150,1008,50,10,193.4,0.7,2,,Partially cloudy,partly-cloudy-day,"UCFM,38353199999"
Bishkek,2021-08-30T10:00:00,25,25,7,31.65,0,0,,0,0,,21.6,220,1010,50,10,483.6,1.7,5,,Partially cloudy,partly-cloudy-day,"UCFM,38353199999"
Bishkek,2021-08-30T12:00:00,29.1,27.8,8.3,27.25,0,0,,0,0,43.2,22.4,241,1007,50.5,18.8,531.5,1.9,5,,Partially cloudy,partly-cloudy-day,"38353099999,UCFM,36911099999,38353199999,38229099999"
Bishkek,2021-08-31T01:00:00,23,23,6,33.32,0,0,,0,0,,25.2,120,1008,50,10,0,,0,,Partially cloudy,partly-cloudy-night,"UCFM,38353199999"
Bishkek,2021-08-31T02:00:00,22,22,6,35.4,0,0,,0,0,,21.6,130,1008,50,10,0,,0,,Partially cloudy,partly-cloudy-night,"UCFM,38353199999"
Bishkek,2021-08-31T04:00:00,23,23,6,33.32,0,0,,0,0,,21.6,130,1008,50,10,0,,0,,Partially cloudy,partly-cloudy-night,"UCFM,38353199999"
Bishkek,2021-08-31T05:00:00,23,23,5,31.08,0,0,,0,0,,25.2,130,1008,56.7,10,0,,0,,Partially cloudy,partly-cloudy-night,"UCFM,38353199999"
Bishkek,2021-08-31T07:00:00,20,20,5,37.35,0,0,,0,0,,25.2,230,1010,27.5,10,122.9,0.4,1,,Partially cloudy,partly-cloudy-day,"UCFM,38353199999"
Bishkek,2021-08-31T08:00:00,21,21,7,40.32,0,0,,0,0,,21.6,230,1010,35.5,10,284.6,1,3,,Partially cloudy,partly-cloudy-day,"UCFM,38353199999"
Bishkek,2021-08-31T17:00:00,24,24,11,44,0,0,,0,0,,46.8,280,1012,89,7,219.2,0.8,2,,Partially cloudy,partly-cloudy-day,"UCFM,38353199999"
Bishkek,2021-08-31T20:00:00,24,24,10,41.17,0,0,,0,0,,21.6,270,1013,89,10,0,,0,,Partially cloudy,partly-cloudy-night,"UCFM,38353199999"
Bishkek,2021-09-02T16:00:00,28,26.7,3,20.07,0,0,,0,0,,25.2,290,1011,32.1,10,469.1,1.7,5,,Partially cloudy,partly-cloudy-day,"UCFM,38353199999"
Bishkek,2021-09-02T17:00:00,28,26.7,2,18.69,0,0,,0,0,,21.6,300,1011,17.1,10,334.9,1.2,3,,Clear,clear-day,"UCFM,38353199999"
Bishkek,2021-09-05T04:00:00,16,16,0,33.67,0,0,,0,0,,21.6,110,1013,0,10,0,,0,,Clear,clear-night,"UCFM,38353199999"
Bishkek,2021-09-06T17:00:00,34,31.6,4,15.29,0,0,,0,0,,21.6,230,1013,0,10,353.9,1.3,4,,Clear,clear-day,"UCFM,38353199999"
Bishkek,2021-09-08T22:00:00,23,23,5,31.08,0,0,,0,0,,21.6,210,1013,0,10,0,,0,,Clear,clear-night,"UCFM,38353199999"
Bishkek,2021-09-08T23:00:00,25,25,5,27.57,0,0,,0,0,,25.2,250,1014,0,10,0,,0,,Clear,clear-night,"UCFM,38353199999"
Bishkek,2021-09-09T01:00:00,23,23,3,27.01,0,0,,0,0,,25.2,240,1014,0,10,0,,0,,Clear,clear-night,"UCFM,38353199999"
Bishkek,2021-09-09T05:00:00,18,18,3,36.77,0,0,,0,0,,21.6,240,1014,3.1,10,0,,0,,Clear,clear-night,"UCFM,38353199999"
Bishkek,2021-09-12T08:00:00,15,15,2,41.45,0,0,,0,0,,25.2,250,1015,21.5,10,241.5,0.9,2,,Partially cloudy,partly-cloudy-day,"UCFM,38353199999"
Bishkek,2021-09-12T10:00:00,18,18,2,34.25,0,0,,0,0,,21.6,270,1016,23.5,10,545.3,2,5,,Partially cloudy,partly-cloudy-day,"UCFM,38353199999"
Bishkek,2021-09-16T14:00:00,28,26.7,0,16.19,0,0,,0,0,,21.6,280,1013,27.5,10,567,2,6,,Partially cloudy,partly-cloudy-day,"UCFM,38353199999"
Bishkek,2021-09-16T16:00:00,30,28.1,0,14.42,0,0,,0,0,,25.2,290,1013,41.5,10,355.1,1.3,4,,Partially cloudy,partly-cloudy-day,"UCFM,38353199999"
Bishkek,2021-09-19T11:00:00,23,23,6,33.32,0,0,,0,0,,25.2,260,1012,0,10,764.3,2.8,8,,Clear,clear-day,"UCFM,38353199999"
Bishkek,2021-09-19T13:00:00,28,26.8,4,21.54,0,0,,0,0,,21.6,270,1012,0,10,833,3,8,,Clear,clear-day,"UCFM,38353199999"
Bishkek,2021-09-19T14:00:00,30,28.3,5,20.57,0,0,,0,0,,21.6,300,1012,0,10,769,2.8,8,,Clear,clear-day,"UCFM,38353199999"
Bishkek,2021-09-20T02:00:00,14,14,-1,35.6,0,0,,0,0,,21.6,230,1017,50,10,0,,0,,Partially cloudy,partly-cloudy-night,"UCFM,38353199999"
Bishkek,2021-09-24T17:00:00,23,23,-4,16.22,0,0,,0,0,,21.6,10,1018,0.4,10,278,1,3,,Clear,clear-day,"UCFM,38353199999"
Bishkek,2021-09-24T22:00:00,15,15,-7,21.28,0,0,,0,0,,25.2,60,1020,51.6,10,0,,0,,Partially cloudy,partly-cloudy-night,"UCFM,38353199999"
Bishkek,2021-09-24T23:00:00,14,14,-7,22.7,0,0,,0,0,,21.6,60,1020,26.4,10,0,,0,,Partially cloudy,partly-cloudy-night,"UCFM,38353199999"
Bishkek,2021-09-27T10:00:00,26,26,-2,15.73,0,0,,0,0,,32.4,270,1011,0,10,608.5,2.2,6,,Clear,clear-day,"UCFM,38353199999"
Bishkek,2021-09-27T11:00:00,26,26,2,21.03,0,0,,0,0,,39.6,270,1012,89,2,725.8,2.6,7,,Partially cloudy,partly-cloudy-day,"UCFM,38353199999"
Bishkek,2021-09-27T12:00:00,24.3,24.3,0.9,21.45,0,0,,0,0,50.4,22.6,263,1012.5,81,10,791.3,2.8,8,,Partially cloudy,partly-cloudy-day,"38353099999,UCFM,36911099999,38353199999,38229099999"
Bishkek,2021-09-27T13:00:00,24,24,3,25.43,0,0,,0,0,,39.6,270,1015,89,5,789.5,2.8,8,,Partially cloudy,partly-cloudy-day,"UCFM,38353199999"
Bishkek,2021-09-27T14:00:00,23,23,3,27.01,0,0,,0,0,50.4,32.4,280,1016,89,7,723.3,2.6,7,,Partially cloudy,partly-cloudy-day,"UCFM,38353199999"
Bishkek,2021-09-27T16:00:00,23,23,3,27.01,0,0,,0,0,,25.2,290,1018,89,6,432.1,1.6,4,,Partially cloudy,partly-cloudy-day,"UCFM,38353199999"
Bishkek,2021-09-27T17:00:00,23,23,5,31.08,0,0,,0,0,,25.2,280,1019,89,4,220.1,0.8,2,,Partially cloudy,partly-cloudy-day,"UCFM,38353199999"
Bishkek,2021-10-01T01:00:00,11,11,0,46.62,0,0,,0,0,,21.6,290,1019,89,10,0,,0,,Partially cloudy,partly-cloudy-night,"UCFM,38353199999"
Bishkek,2021-10-02T01:00:00,9,6,0,53.29,0,0,,0,0,39.6,21.6,310,1023,89,10,0,,0,,Partially cloudy,partly-cloudy-night,"UCFM,38353199999"
Bishkek,2021-10-02T02:00:00,8,4.7,1,61.3,0,0,,0,0,,21.6,320,1024,89,10,0,,0,,Partially cloudy,partly-cloudy-night,"UCFM,38353199999"
Bishkek,2021-10-05T16:00:00,12,12,1,46.9,0,0,,0,0,,21.6,270,1020,88.3,10,254.1,0.9,3,,Partially cloudy,partly-cloudy-day,"UCFM,38353199999"
Bishkek,2021-10-09T14:00:00,13,13,0,40.87,0.1,100,rain,0,0,,25.2,280,1020,96.4,10,436.8,1.6,4,,"Rain, Overcast",rain,"UCFM,38353199999"
Bishkek,2021-10-10T11:00:00,7,3.4,6,93.35,0,0,,0,0,,21.6,310,1024,100,6,202,0.7,2,,Overcast,cloudy,"UCFM,38353199999"
Bishkek,2021-10-10T13:00:00,8,4.7,7,93.4,0,0,,0,0,,21.6,270,1025,100,9,223.5,0.8,2,,Overcast,cloudy,"UCFM,38353199999"
Bishkek,2021-10-11T08:00:00,6,2.2,3,81.08,0,0,,0,0,,21.6,140,1027,50,10,128.6,0.5,1,,Partially cloudy,partly-cloudy-day,"UCFM,38353199999"
Bishkek,2021-10-12T12:00:00,8.7,5.6,-1.3,49.5,0,0,,0,0,,20.9,315,1033.9,39.1,18.8,728.8,2.6,7,,Partially cloudy,partly-cloudy-day,"38353099999,UCFM,36911099999,38353199999,38229099999"
Bishkek,2021-10-13T13:00:00,13,13,0,40.87,0,0,,0,0,,21.6,40,1024,0,10,737,2.7,7,,Clear,clear-day,"UCFM,38353199999"
Bishkek,2021-10-13T14:00:00,14,14,0,38.29,0,0,,0,0,,21.6,40,1023,0,10,675.8,2.4,7,,Clear,clear-day,"UCFM,38353199999"
Bishkek,2021-10-13T16:00:00,15,15,-1,33.37,0,0,,0,0,,21.6,40,1023,0,10,390.4,1.4,4,,Clear,clear-day,"UCFM,38353199999"
Bishkek,2021-10-13T17:00:00,15,15,-1,33.37,0,0,,0,0,,21.6,50,1023,0,10,192.3,0.7,2,,Clear,clear-day,"UCFM,38353199999"
Bishkek,2021-10-18T17:00:00,18,18,2,34.25,0,0,,0,0,,21.6,260,1014,97.5,10,113.3,0.4,1,,Overcast,cloudy,"UCFM,38353199999"
Bishkek,2021-10-21T16:00:00,20,20,3,32.46,0,0,,0,0,,28.8,290,1011,50,10,73,0.3,1,,Partially cloudy,partly-cloudy-day,"UCFM,38353199999"
Bishkek,2021-10-21T17:00:00,19,19,3,34.54,0,0,,0,0,,25.2,280,1013,50,10,64.3,0.2,1,,Partially cloudy,partly-cloudy-day,"UCFM,38353199999"
Bishkek,2021-10-21T19:00:00,12,12,2,50.39,0,0,,0,0,,36,290,1019,89,10,0,,0,,Partially cloudy,partly-cloudy-night,"UCFM,38353199999"
Bishkek,2021-10-21T20:00:00,11,11,5,66.51,0,0,,0,0,,25.2,300,1021,89,10,0,,0,,Partially cloudy,partly-cloudy-night,"UCFM,38353199999"
Bishkek,2021-10-21T21:00:00,9,5.8,4.1,71.34,0,0,,0,0,50.4,23.7,287,1022,90.5,9.4,0,,0,,Overcast,cloudy,"UCFM,36911099999,38353199999,38229099999"
Bishkek,2021-10-21T22:00:00,6,1.2,5,93.3,0,0,,0,0,,32.4,310,1023,100,9,0,,0,,Overcast,cloudy,"UCFM,38353199999"
Bishkek,2021-10-22T01:00:00,2,-2.9,1,93.09,0,0,,0,0,,21.6,280,1026,100,8,0,,0,,Overcast,cloudy,"UCFM,38353199999"
Bishkek,2021-10-24T13:00:00,14,14,0,38.29,0,0,,0,0,,21.6,30,1022,0,10,662.8,2.4,7,,Clear,clear-day,"UCFM,38353199999"
Bishkek,2021-10-24T16:00:00,14,14,0,38.29,0,0,,0,0,,25.2,50,1020,0,10,321.5,1.2,3,,Clear,clear-day,"UCFM,38353199999"
Bishkek,2021-10-24T17:00:00,13,13,0,40.87,0,0,,0,0,,21.6,50,1020,0,10,132.9,0.5,1,,Clear,clear-day,"UCFM,38353199999"
Bishkek,2021-10-28T07:00:00,6,2.2,3,81.08,0,0,,0,0,,21.6,250,1024,98.6,10,0.5,0,0,,Overcast,cloudy,"UCFM,38353199999"
Bishkek,2021-11-03T22:00:00,0,-5.5,-6,64.01,0,0,,0,0,,21.6,270,1023,100,9,0,,0,,Overcast,cloudy,"UCFM,38353199999"
Bishkek,2021-11-03T23:00:00,-3,-9.3,-5,86.08,0,0,,0,0,,21.6,260,1024,100,1,0,,0,,Overcast,cloudy,"UCFM,38353199999"
Bishkek,2021-11-14T16:00:00,11,11,0,46.62,0,0,,0,0,,21.6,280,1018,0,8,171.1,0.6,2,,Clear,clear-day,"UCFM,38353199999"
Bishkek,2021-11-14T20:00:00,6,2.2,-3,52.47,0,0,,0,0,,21.6,350,1021,89,10,0,,0,,Partially cloudy,partly-cloudy-night,"UCFM,38353199999"
Bishkek,2021-11-16T22:00:00,3,-1.6,-5,55.7,0,0,,0,4.92,,21.6,120,1012,96.8,10,0,,0,,Overcast,cloudy,"UCFM,38353199999"
Bishkek,2021-11-16T23:00:00,5,0.9,-7,41.56,0,0,,0,4.9,,21.6,120,1012,98.3,10,0,,0,,Overcast,cloudy,"UCFM,38353199999"
Bishkek,2021-11-17T02:00:00,5,0.9,-7,41.56,0,0,,0,4.84,,21.6,120,1011,97,10,0,,0,,Overcast,cloudy,"UCFM,38353199999"
Bishkek,2021-11-17T04:00:00,5,0.9,-5,48.41,0,0,,0,4.81,,21.6,110,1009,93.3,10,0,,0,,Overcast,cloudy,"UCFM,38353199999"
Bishkek,2021-11-17T05:00:00,6,1.5,-6,41.86,0,0,,0,4.79,,28.8,120,1009,92.8,10,0,,0,,Overcast,cloudy,"UCFM,38353199999"
Bishkek,2021-11-17T10:00:00,6,2.2,-2,56.5,0.1,100,rain,0,0.89,,21.6,250,1013,50,10,282.1,1,3,,"Rain, Partially cloudy",rain,"UCFM,38353199999"
Bishkek,2021-11-17T11:00:00,6,1.5,0,65.4,0.1,100,rain,0,1.07,,28.8,310,1014,89,10,383.3,1.4,4,,"Rain, Partially cloudy",rain,"UCFM,38353199999"
Bishkek,2021-11-17T12:00:00,3.7,-0.9,-1.3,69.71,0,0,,0.18,1.25,,23.1,265,1019.3,98.3,5.4,433.9,1.6,4,,Overcast,snow,"38353099999,UCFM,36911099999,38353199999,38229099999"
Bishkek,2021-11-17T13:00:00,2,-4.1,-2,74.82,1,100,"rain,snow",0.18,1.42,,32.4,310,1018,100,3,321,1.2,3,,"Snow, Rain, Overcast",snow,"UCFM,38353199999"
Bishkek,2021-11-17T14:00:00,1,-5.7,-4,69.27,0.8,100,"rain,snow",0.18,1.6,,36,290,1021,100,1,186.2,0.7,2,,"Snow, Rain, Overcast",snow,"UCFM,38353199999"
Bishkek,2021-11-17T19:00:00,-2,-8,-4,86.18,0.3,100,snow,0.18,2.49,,21.6,290,1029,89,1,0,,0,,"Snow, Partially cloudy",snow,"UCFM,38353199999"
Bishkek,2021-11-20T13:00:00,4,-0.8,-7,44.57,0,0,,0,3.63,,25.2,50,1019,0,10,541,1.9,5,,Clear,clear-day,"UCFM,38353199999"
Bishkek,2021-11-20T14:00:00,5,0.9,-6,44.87,0,0,,0,3.61,,21.6,50,1018,0,10,481.6,1.7,5,,Clear,clear-day,"UCFM,38353199999"
Bishkek,2021-11-21T05:00:00,-4,-10.5,-7,79.63,0,0,,0,3.32,,21.6,250,1014,0,4,0,,0,,Clear,clear-night,"UCFM,38353199999"
Bishkek,2021-11-21T20:00:00,8,4.4,-4,42.46,0,0,,0,2.33,,25.2,120,1015,93.6,10,0,,0,,Overcast,cloudy,"UCFM,38353199999"
Bishkek,2021-11-21T22:00:00,8,4.7,-5,39.38,0,0,,0,2.17,,21.6,120,1015,95.1,10,0,,0,,Overcast,cloudy,"UCFM,38353199999"
Bishkek,2021-11-21T23:00:00,7,2.8,-4,45.46,0,0,,0,2.1,,28.8,120,1015,97.5,10,0,,0,,Overcast,cloudy,"UCFM,38353199999"
Bishkek,2021-11-22T22:00:00,4,-0.4,-1,69.89,0,0,,0,0,,21.6,110,1025,0,6,0,,0,,Clear,clear-night,"UCFM,38353199999"
Bishkek,2021-11-25T04:00:00,6,2.2,-3,52.47,0,0,,0,0,,21.6,110,1015,2.3,10,0,,0,,Clear,clear-night,"UCFM,38353199999"
Bishkek,2021-11-26T02:00:00,7,2.8,6,93.35,0,0,,0,0,,28.8,310,1022,100,4,0,,0,,Overcast,cloudy,"UCFM,38353199999"
Bishkek,2021-11-26T03:00:00,5.5,0.6,5.3,98.7,0,0,,0,0,,32.2,309,1025.8,100,8.5,0,,0,,Overcast,cloudy,"38353099999,UCFM,36911099999,38353199999,38229099999"
Bishkek,2021-11-26T04:00:00,3,-2.1,2,93.14,0,0,,0,0,,25.2,300,1025,100,8,0,,0,,Overcast,cloudy,"UCFM,38353199999"
Bishkek,2021-11-26T06:00:00,0.5,-5.4,0.3,98.05,0,0,,0,0,,26.9,305,1031.9,100,1.1,0,,0,,Overcast,cloudy,"38353099999,UCFM,36911099999,38353199999,38229099999"
Bishkek,2021-11-27T14:00:00,0,-5.5,-5,69.06,0,0,,0,6.16,,21.6,50,1031,0,10,457.3,1.6,5,,Clear,clear-day,"UCFM,38353199999"
Bishkek,2021-11-27T16:00:00,0,-5.5,-5,69.06,0,0,,0,5.95,,21.6,40,1029,0,10,185.8,0.7,2,,Clear,clear-day,"UCFM,38353199999"
Bishkek,2021-11-27T17:00:00,-1,-7.2,-6,68.85,0,0,,0,5.85,,25.2,40,1029,0,10,29.2,0.1,0,,Clear,clear-day,"UCFM,38353199999"
Bishkek,2021-11-27T19:00:00,-2,-8,-7,68.63,0,0,,0,5.63,,21.6,60,1028,0,10,0,,0,,Clear,clear-night,"UCFM,38353199999"
Bishkek,2021-11-28T00:00:00,-4.9,-12.6,-7.4,82.89,0,0,,0,5.11,63,27.7,53,1030.9,40,9.4,0,,0,,Partially cloudy,partly-cloudy-night,"38353099999,UCFM,36911099999,38353199999,38229099999"
Bishkek,2021-11-28T01:00:00,-2,-8.9,-8,63.53,0,0,,0,5,,28.8,60,1024,0,10,0,,0,,Clear,clear-night,"UCFM,38353199999"
Bishkek,2021-11-28T03:00:00,-5.3,-11.9,-7.6,83.76,0,0,,0,4.79,63,20.2,55,1029,30.8,9.4,0,,0,,Partially cloudy,partly-cloudy-night,"38353099999,UCFM,36911099999,38353199999,38229099999"
Bishkek,2021-11-30T05:00:00,4,-0.8,-5,51.91,0,0,,0,1.63,,25.2,120,1022,25,10,0,,0,,Partially cloudy,partly-cloudy-night,"UCFM,38353199999"
Bishkek,2021-11-30T07:00:00,4,-0.8,-5,51.91,0,0,,0,1.48,,25.2,120,1022,83.3,10,0,,0,,Partially cloudy,partly-cloudy-night,"UCFM,38353199999"
Bishkek,2021-11-30T08:00:00,4,-0.4,-5,51.91,0,0,,0,1.4,,21.6,120,1022,91.7,10,15,0.1,0,,Overcast,cloudy,"UCFM,38353199999"
Bishkek,2021-11-30T10:00:00,7,3.1,-4,45.46,0,0,,0,0,,25.2,120,1023,72.5,10,298.1,1.1,3,,Partially cloudy,partly-cloudy-day,"UCFM,38353199999"
Bishkek,2021-11-30T11:00:00,8,4.4,-3,45.75,0,0,,0,0,,25.2,110,1023,51,10,414.6,1.5,4,,Partially cloudy,partly-cloudy-day,"UCFM,38353199999"
Bishkek,2021-12-02T02:00:00,4,-0.8,-2,64.95,0,0,,0,0,,25.2,110,1017,0,10,0,,0,,Clear,clear-night,"UCFM,38353199999"
Bishkek,2021-12-02T05:00:00,5,0.5,-3,56.24,0,0,,0,0,,25.2,110,1016,3,10,0,,0,,Clear,clear-night,"UCFM,38353199999"
Bishkek,2021-12-02T07:00:00,6,1.5,-3,52.47,0,0,,0,0,,28.8,120,1017,91,10,0,,0,,Overcast,cloudy,"UCFM,38353199999"
Bishkek,2021-12-02T08:00:00,7,2.8,-4,45.46,0,0,,0,0,,28.8,120,1017,91.8,10,11.4,0,0,,Overcast,cloudy,"UCFM,38353199999"
Bishkek,2021-12-02T10:00:00,9,5.4,-4,39.68,0,0,,0,0,46.8,28.8,120,1017,84.2,10,247.2,0.9,2,,Partially cloudy,partly-cloudy-day,"UCFM,38353199999"
Bishkek,2021-12-02T11:00:00,11,11,-3,37.4,0,0,,0,0,,25.2,120,1016,25.8,10,396.6,1.4,4,,Partially cloudy,partly-cloudy-day,"UCFM,38353199999"
Bishkek,2021-12-02T13:00:00,17,17,-2,27.29,0,0,,0,0,,21.6,110,1015,2,10,485.3,1.7,5,,Clear,clear-day,"UCFM,38353199999"
Bishkek,2021-12-02T14:00:00,18,18,-2,25.63,0,0,,0,0,,21.6,120,1014,13.3,10,427.5,1.5,4,,Clear,clear-day,"UCFM,38353199999"
Bishkek,2021-12-02T22:00:00,11,11,-2,40.28,0,0,,0,0,,25.2,130,1015,0,10,0,,0,,Clear,clear-night,"UCFM,38353199999"
Bishkek,2021-12-02T23:00:00,11,11,-2,40.28,0,0,,0,0,,28.8,130,1015,35.6,10,0,,0,,Partially cloudy,partly-cloudy-night,"UCFM,38353199999"
Bishkek,2021-12-03T01:00:00,9,5.7,-2,46.04,0,0,,0,0,,25.2,120,1014,84.5,10,0,,0,,Partially cloudy,partly-cloudy-night,"UCFM,38353199999"
Bishkek,2021-12-03T02:00:00,10,7.2,-3,39.98,0,0,,0,0,,21.6,130,1014,26.9,10,0,,0,,Partially cloudy,partly-cloudy-night,"UCFM,38353199999"
Bishkek,2021-12-03T04:00:00,9,6,-2,46.04,0,0,,0,0,,21.6,120,1014,6.3,10,0,,0,,Clear,clear-night,"UCFM,38353199999"
Bishkek,2021-12-03T05:00:00,9,6,-2,46.04,0,0,,0,0,,21.6,120,1014,4.9,10,0,,0,,Clear,clear-night,"UCFM,38353199999"
Bishkek,2021-12-03T07:00:00,11,11,-3,37.4,0,0,,0,0,,25.2,130,1014,47.8,10,0,,0,,Partially cloudy,partly-cloudy-night,"UCFM,38353199999"
Bishkek,2021-12-03T08:00:00,11,11,-3,37.4,0,0,,0,0,,28.8,120,1015,65,10,12.9,0,0,,Partially cloudy,partly-cloudy-night,"UCFM,38353199999"
Bishkek,2021-12-03T10:00:00,12,12,-2,37.7,0,0,,0,0,,25.2,120,1016,66.7,10,258.1,0.9,3,,Partially cloudy,partly-cloudy-day,"UCFM,38353199999"
Bishkek,2021-12-03T14:00:00,10,7.2,1,53.56,0,0,,0,0,,21.6,270,1018,50.5,10,319.6,1.2,3,,Partially cloudy,partly-cloudy-day,"UCFM,38353199999"
Bishkek,2021-12-08T13:00:00,5,0.9,3,86.9,0,0,,0,0,,21.6,240,1029,89,5,322.3,1.2,3,,Partially cloudy,partly-cloudy-day,"UCFM,38353199999"
Bishkek,2021-12-10T11:00:00,1,-4.6,-7,55.16,0,0,,0,0,,25.2,50,1028,0,10,417.3,1.5,4,,Clear,clear-day,"UCFM,38353199999"
Bishkek,2021-12-10T13:00:00,4,-0.8,-8,41.26,0,0,,0,0,,25.2,40,1026,0,10,480,1.7,5,,Clear,clear-day,"UCFM,38353199999"
Bishkek,2021-12-10T14:00:00,5,0.2,-8,38.47,0,0,,0,0,,28.8,50,1025,0,10,421.1,1.5,4,,Clear,clear-day,"UCFM,38353199999"
Bishkek,2021-12-10T16:00:00,4,-1.1,-8,41.26,0,0,,0,0,,28.8,50,1024,0,10,154.6,0.6,2,,Clear,clear-day,"UCFM,38353199999"
Bishkek,2021-12-10T17:00:00,2,-3.7,-8,47.53,0,0,,0,0,,28.8,60,1024,0,10,16.3,0.1,0,,Clear,clear-day,"UCFM,38353199999"
Bishkek,2021-12-10T19:00:00,0,-5.5,-8,54.89,0,0,,0,0,,21.6,60,1024,3.2,10,0,,0,,Clear,clear-night,"UCFM,38353199999"
Bishkek,2021-12-10T20:00:00,0,-5.5,-9,50.77,0,0,,0,0,,21.6,60,1024,28.8,10,0,,0,,Partially cloudy,partly-cloudy-night,"UCFM,38353199999"
Bishkek,2021-12-10T21:00:00,-0.9,-7.3,-4.5,76.68,0,0,,0,0,68.4,26.4,61,1027.8,59.1,9.4,0,,0,,Partially cloudy,partly-cloudy-night,"38353099999,UCFM,36911099999,38353199999,38229099999"
Bishkek,2021-12-10T22:00:00,-1,-6.7,-8,59.03,0,0,,0,0,,21.6,60,1023,82.4,10,0,,0,,Partially cloudy,partly-cloudy-night,"UCFM,38353199999"
Bishkek,2021-12-11T00:00:00,-2.7,-8.7,-6.6,74.87,0,0,,0,0,64.8,20.2,70,1026.2,91.5,9.4,0,,0,,Overcast,cloudy,"38353099999,UCFM,36911099999,38353199999,38229099999"
Bishkek,2021-12-11T11:00:00,9,6,-6,34.11,0,0,,0,0,,21.6,140,1021,46.8,10,406.9,1.5,4,,Partially cloudy,partly-cloudy-day,"UCFM,38353199999"
Bishkek,2021-12-12T10:00:00,2,-2.9,-2,74.82,0,0,,0,0,,21.6,240,1025,89,9,205.6,0.7,2,,Partially cloudy,partly-cloudy-day,"UCFM,38353199999"
Bishkek,2021-12-12T20:00:00,5,0.9,-3,56.24,0,0,,0,0,,21.6,110,1024,50,6,0,,0,,Partially cloudy,partly-cloudy-night,"UCFM,38353199999"
Bishkek,2021-12-21T21:00:00,9,6.1,-2.9,43.16,0,0,,0,0,43.4,20.5,80,1011.3,0,9.4,0,,0,,Clear,clear-night,"38353099999,UCFM,36911099999,38353199999,38229099999"
Bishkek,2021-12-24T04:00:00,3,-2.1,2,93.14,0,0,,0,0,,25.2,250,1025,89,10,0,,0,,Partially cloudy,partly-cloudy-night,"UCFM,38353199999"
Bishkek,2021-12-24T05:00:00,2,-3.7,1,93.09,0,0,,0,0,,28.8,250,1025,89,9,0,,0,,Partially cloudy,partly-cloudy-night,"UCFM,38353199999"
Bishkek,2021-12-26T23:00:00,1,-4.2,1,100,0,0,,0,0,,21.6,270,1026,89,3,0,,0,,Partially cloudy,partly-cloudy-night,"UCFM,38353199999"